ENTRY_NUMBER,SATELLITE_CHURCH_NAME,FULL_ADDRESS,STATE,COUNTRY,CONTINENT
1,ABONNEMA,"ABONNEMA CHURCH, ABONNEMA/DEGEMA ROAD, CONSULATE DEGEMA.",Rivers,Nigeria,Africa
2,ABONNEMA 2,"BE-DON CLOSE OFF ABONNEMA/OBONOMA ROAD, ABONNEMA.",Rivers,Nigeria,Africa
3,SILVER DOVE,"SILVER DOVE, BESIDE TIMBER MARKET SARS ROAD, RUKPOKWU",Rivers,Nigeria,Africa
4,SIAT,"SIAT ESTATE SCHOOL, UBIMA",Rivers,Nigeria,Africa
5,BIG ELELE2,"#3/4 OMUSE STREET, MGBUAYIM, BIG ELELE TOWN.",Rivers,Nigeria,Africa
6,AWESOME,"AWESOME BRANCH., OFF OLD PH RD, HIGH TENSION, ALETO- ELEME.",Rivers,Nigeria,Africa
7,OBIWALI,"#135 OBIWALI ROAD, NKPOLU JUNCTION, PH",Rivers,Nigeria,Africa
8,IBANI,"IBANI BRANCH., SAND FILLED, IBANI STREET, BOROKIRI, PORT HARCOURT, RIVERS STATE.",Rivers,Nigeria,Africa
9,OGINIGBA,"#1 CAPINO DRIVE, ANSETH HOSPITAL BY SCHOOL ROAD, NEW LAYOUT OGINIGBA, PORTHARCOUT",Rivers,Nigeria,Africa
10,"RUMUEKINI, SCHOOL ROAD","RUMUEKINI SCHOOL ROAD BRANCH, RUMUEKINI, PORT HARCOURT.",Rivers,Nigeria,Africa
11,ABALAMABIE,"ABALAMABIE., ADJACENT TO FEDERAL POLYTECHNIC OF OIL AND GAS, BONNY ISLAND.",Rivers,Nigeria,Africa
12,ELELENWO 3,"CHURCH., ORANGE BUS STOP, ALONG REFINERY ROAD, ELELENWO, PORT HARCOURT",Rivers,Nigeria,Africa
13,ABOBIRI,"#4 ABOBIRI STREET OFF HARBOUR ROAD, TOWN, PORT HARCOURT",Rivers,Nigeria,Africa
14,ABUA 1,"1, SALVATION ROAD OPP ALEX SAW MILL, AYAMA- EMILAGHAN ABUA CENTRAL. (ABUA SATELITE CHURCH)",Rivers,Nigeria,Africa
15,"MILE1, DIOBU","#44 ABAKALIKI STREET, MILE 1 DIOBU, RUMUWOJI COMMUNITY",Rivers,Nigeria,Africa
16,ABUA 2,ALONG OGHORA ROAD AMALEM ABUA CENTRAL ABUA. (ABUA2 SATELITE CHURCH),Rivers,Nigeria,Africa
17,ABULOMA,"ABULOMA., 103 ABULOMA ROAD, PH",Rivers,Nigeria,Africa
18,OZUBOKO,"ALONG PRIMARY SCHOOL ROAD, OZUBOKO",Rivers,Nigeria,Africa
19,ADA GEORGE,"RUMUOKE ROAD, OFF OKILTON JUNCTION OFF ADA GEORGE ROAD",Rivers,Nigeria,Africa
20,AEROPLANE DRIVE ABULOMA,"37, GEORGE SEKIBO STREET, OFF AEROPLANE DRIVE, ABULOMA, PH",Rivers,Nigeria,Africa
21,AGBANI DAREGO,AGBANI DAREGO.,Rivers,Nigeria,Africa
22,AGBA- NDELE,"AGBA-NDELE CHURCH, EHIOR WOMEN HALL, AGBA-NDELE.",Rivers,Nigeria,Africa
23,AGGREY ROAD,"AGGREY ROAD CHURCH, 77, AGGREY ROAD, PH",Rivers,Nigeria,Africa
24,AGGREY ESTATE,"AGGREY HOUSING ESTATE INVENT CENTRE SATELLITE CHURCH, PORT HARCOURT",Rivers,Nigeria,Africa
25,AGIP,"#41 AGIP ROAD BY ESTATE JUNCTION, PORT HARCOURT",Rivers,Nigeria,Africa
26,AGIP 2,"PLOT 3, ROAD 26, AGIP ESTATE, PHC",Rivers,Nigeria,Africa
27,AHOADA,"AHOADA CHURCH, 60, OMOKU ROAD AHOADA",Rivers,Nigeria,Africa
28,"FOUNTAIN OF, WISDOM (AHOADA)","FOUNTAIN OF WISDOM SCHOOL, OPPOSITE MOUNTAIN OF FIRE, CIVIL DEFENCE ROAD, AHOADA EAST",Rivers,Nigeria,Africa
29,NWAGBOGWE,"#5 NWAGBOGWE – WAOBIKEZE STREET, OMOKU",Rivers,Nigeria,Africa
30,AKPAJO-IRIEBE,"AKPAJO ROAD CHURCH, IRIEBE, OYIGBO.",Rivers,Nigeria,Africa
31,AKPAJO,"AKPAJO CHURCH, BESIDE AKPAJO MARKET, FARM ROAD, BY ARISE AND SHINE BUSTOP, AKPAJO.",Rivers,Nigeria,Africa
32,ALAKAHIA,"ALAKAHIA CHURCH., ANWURI PAVILION, KM16, EAST WEST ROAD, ALAKAHIA, OBIO AKPOR",Rivers,Nigeria,Africa
33,ALAKAHIA-ALOGU,"ALAKAHIA-ALOGU CHURCH, OPPOSITE COLLEGE COURT SUITES, ALAKAHIA ROAD, PHC",Rivers,Nigeria,Africa
34,ALODE – ELEME,"ALODE – ELEME CHURCH, LIPZA PLAZA, 17 MARKET ROAD, ALODE-ELEME, RIVERS STATE",Rivers,Nigeria,Africa
35,AGBONCHIA-ELEME,"AGBONCHIA CHURCH, ELEME",Rivers,Nigeria,Africa
36,AGBONCHIA-II,"AGBONCHIA CHURCH-2, BY EPISTEME SCHOOL HEALTH CENTRE ROAD, ELEME, RIVERS STATE.",Rivers,Nigeria,Africa
37,ALUU,"OMUAHUNWO BRANCH., ALONG RUMUEKINI ROAD, ALUU",Rivers,Nigeria,Africa
38,"PRAISE ARENA, ALUU-OMUIKE","PRAISE ARENA;, ALONG OMUODA OMUAGWA LINK ROAD, OMUIKE, ALUU.",Rivers,Nigeria,Africa
39,ALUU - OMUIGWE,"OMUIGWE CHURCH., ABUJA PHASE 2, ALUU, PH.",Federal Capital Territory,Nigeria,Africa
40,ALUU OMUOKIRI,"WOLI STREET ALUU OMUOKIRI ALONG CHOBA UNIPORT ROAD, PH",Federal Capital Territory,Nigeria,Africa
41,ALUU OMUOKO,"ALUU-OMUOKO CHURCH, ALUU OMUOKO TOWN HALL",Federal Capital Territory,Nigeria,Africa
42,ALUU MBODO,"ALUU MBODO CHURCH, NO 13 ALUU MBODO OFF AIRPORT ROAD",Federal Capital Territory,Nigeria,Africa
43,AMAECHI DRIVE GRA,"AMAECHI DRIVE BRANCH., AMAECHI DRIVE GRA PHASE 3, PH",Federal Capital Territory,Nigeria,Africa
44,ATC – OKRIKA,"ATC BY-PASS ROAD ATC, OKRIKA",Federal Capital Territory,Nigeria,Africa
45,AMEH PLAZA,"NO 166 RUMUAGHUOLU RD OPP JBECS ALUMINIUM & WATER COMPANY RUMUAGHUOLU CLUB OBIO AKPOR, PH",Federal Capital Territory,Nigeria,Africa
46,ANDONI-UNYEADA,ADONI-UNYEADA BRANCH,Federal Capital Territory,Nigeria,Africa
47,IBOTIREM,"CHURCH, IBOTIREM, ANDONI.",Rivers,Nigeria,Africa
48,AKWETE,"AKWETE CHURCH., AKWETE OYIGBO",Rivers,Nigeria,Africa
49,OGBOSO,"SALVATION MNISTRIES, OGBOSO",Rivers,Nigeria,Africa
50,AZIKIWE,"AZIKIWE CHURCH., #5 AZIKIWE STREET, MILE 2, DIOBU, PORT HARCOURT",Rivers,Nigeria,Africa
51,OKUJAGU-AZUABIE,"AZUABIE CHURCH., 54 AMONI STREET AZUABIE TOWN, BESIDE BANGA, OKUJAGU",Rivers,Nigeria,Africa
52,OKUJAGU-2,"CHURCH, OKUJAGU-2, AZUABIE",Rivers,Nigeria,Africa
53,OWHONDA,"#22 OWHONDA STREET ATALI, OBIAKPO.",Rivers,Nigeria,Africa
54,IGNATIUS AJURU,IGNATIUS AJURU UNIVERSITY OF EDUCATION. BESIDE NEW HEAVEN HOSTEL,Rivers,Nigeria,Africa
55,BANE,"MAA-OR CHURCH, BANE, KHANA LGA, BORI REGION.",Rivers,Nigeria,Africa
56,BAEN,"OPPOSITE BAEN TOWN SQUARE, BAEN",Rivers,Nigeria,Africa
57,B-DERE,"B- DERE COMMUNITY TOWN HALL, B- DERE GOKHANA",Rivers,Nigeria,Africa
58,BEERI,"BEERI CHURCH, MODEL PRIMARY SCHOOL 2, BEERI.",Rivers,Nigeria,Africa
59,BERA,"BERA CHURCH, BERA CIVIC CENTER, GOKANA",Rivers,Nigeria,Africa
60,BEN PARADISE,"BEN-PARADISE CHURCH, BRILLIANT INT’L SCHOOL, BEN PARADISE STREET, ABIRIBA QTRS, OYIGBO",Rivers,Nigeria,Africa
61,BEULAH LAND,"BEULAH CHURCH, LOCATION 15, UMUEBULU 2, OYIGBO",Rivers,Nigeria,Africa
62,BETTER LIFE,"BETTER LIFE CHURCH BY NDDC ROAD, OYIGBO",Rivers,Nigeria,Africa
63,BIG ELELE,"SALVATION MINISTRIES, BIG ELELE, ELELE CIVIC CENTER, BIG ELELE TOWN L.G. A",Rivers,Nigeria,Africa
64,DIAMOND PLAZA,"DIAMOND PLAZA CHURCH, ALONG SARS ROAD, (CELESTINE OMEHIA ROAD), BETWEEN AKWAKA JUNCTION AND NEW ROAD JUNCTION, RUKPOKWU.",Rivers,Nigeria,Africa
65,BODO,"BODO CHURCH, TOWN HALL, NEW MARKET, BOTOR VILLAGE BODO CITY",Rivers,Nigeria,Africa
66,BOLO,"BOLO CHURCH, OPPOSITE VICTOR ALABO OIL & GAS GRA, BOLO",Rivers,Nigeria,Africa
67,WAKAMA,"SALVATION MINISTRIES, WAKAMA AMA COMMUINITY TOWN SQUARE.",Rivers,Nigeria,Africa
68,BOMU SATELLITE,BOMU CHURCH. 78 KABANI ROAD BOMU.,Rivers,Nigeria,Africa
69,BONNY ISLAND,8 KING EDWARD ASIMINI BYPASS (BERGER ROAD) BONNY ISLAND.,Rivers,Nigeria,Africa
70,BONNY ISLAND 2,"BONNY HERITAGE CENTER, #39 KING WILLIAM DAPPA ROAD, BONNY ISLAND.",Rivers,Nigeria,Africa
71,BOROBARA/KIRA,"BOROBARA CHURCH, BOROBARA COMMUNITY TOWN HALL, TAI LGA, RIVERS STATE",Rivers,Nigeria,Africa
72,BORI,"BORI CHURCH, YEGHE BORI-ROAD BEFORE YEGHE-BRIDGE, 43 HOSPITAL ROAD, BORI",Rivers,Nigeria,Africa
73,LUEKE,LUEKE BRANCH,Rivers,Nigeria,Africa
74,GIO,"GIO BRANCH., GIO COMMUNITY TOWN HALL.",Rivers,Nigeria,Africa
75,NWEOL,"NWEOL BRANCH., NWEOL TOWN HALL",Rivers,Nigeria,Africa
76,EEKEN,"EEKEN BRANCH, EEKEN COMMUNITY TOWN HALL",Rivers,Nigeria,Africa
77,KEN POLY,"KEN POLY BRANCH., #45 ZAAKPON ROAD, GODDY PLAZA, BORI",Rivers,Nigeria,Africa
78,UEGWERE,"UEGWERE BRANCH., EEGWERE TOWN SQUARE.",Rivers,Nigeria,Africa
79,"BORI 2, TIMER, SATELLITE","BORI CHURCH., SHOPPING MALL OPPOSITE, GENERAL HOSPITAL BORI.",Rivers,Nigeria,Africa
80,BORIKIRI,"6 KOLOKUMA STREET, BORIKIRI PH.",Rivers,Nigeria,Africa
81,BOTEM,"BOTEM CHURCH., BOTEM PRIMARY AUDITORIUM, BOTEM TAI",Rivers,Nigeria,Africa
82,BUGUMA CITY,"BUGUMA CITY CHURCH, DETEME SAND FILLED BEHIND MODEL PRIMARY SCHOOL, CLOSE TO POLICE STATION, BUGUMA CITY",Rivers,Nigeria,Africa
83,ABALAMA,"BUGUMA ALABAMA ROAD, OFF ABALAMA POLICE STATION, ABALAMA, ASALGA",Rivers,Nigeria,Africa
84,ISIODU,"RUMU NWONBUEZE FAMILY HALL, ISIODU EMOHUA.",Rivers,Nigeria,Africa
85,BUGUMA 2,"EGILE’S COMPOUND, BUGUMA CITY.",Rivers,Nigeria,Africa
86,BUKUMA (AGUMA),"SCHOOL ROAD BUKUMA DELGA, RIVERS STATE",Rivers,Nigeria,Africa
87,IDO,"CHIEF PETER BAGSHAW ALAWAIFAA’S HOUSE, ESUKU’S COMPOUND, IDO, ASALGA.",Rivers,Nigeria,Africa
88,RUMUODOMAYA 2,"RUMUODUMAYA 2 CHURCH, #2 ICHIEGBO STREET OFF AIRPORT ROAD BY NNPC FILLING STATION. RUMUODOMAYA",Rivers,Nigeria,Africa
89,CHINDA,"#109 SOLID PALM PLAZA BY TRANSFORMER, CHINDA ROAD OFF ADA-GEORGE, PORT HARCOURT.",Rivers,Nigeria,Africa
90,AGIP 3,"AGIP 3 BRANCH, #7 ROAD 1 EXTENSION, AGIP ESTATE.",Rivers,Nigeria,Africa
91,CHOBA,"17/19, HABITAT DRIVE, RUMUALOGU TOWN, CHOBA.",Rivers,Nigeria,Africa
92,CHOBA 2,"#10 OFF OKOCHA STREET OWHIPA, CHOBA",Rivers,Nigeria,Africa
93,CHOBA 3,"16, IGBOGO ROAD (BACK OF CHEM) CHOBA, PHC.",Rivers,Nigeria,Africa
94,CHOKOCHO ETCHE,"15, UMU-OKORO NWADI STREAM ROAD, CHOKOCHO, OFF IGBO-ETCHE, PHC.",Rivers,Nigeria,Africa
95,"CHOKOTA IGBO, ETCHE 1","UMUONA STREAM ROAD, OFF ABA ROAD, CHOKOTA IGBO-ECTHE, RIVERS STATE",Rivers,Nigeria,Africa
96,"CHOKOTA IGBO, ETCHE 2","OUR GLORIOUS INT’L. ACADEMY UMUAKONU, IGBO ETCHE, RIVERS STATE., OUR GLORIOUS INT’L. ACADEMY UMUAKONU, IGBO ETCHE, RIVERS STATE.",Rivers,Nigeria,Africa
97,CHOKOTA 3 IGBO ETCHE,"GHOSHEN CHURCH, UMUAKONU FARM ROAD IGBO ETCHE, RIVERS STATE., GHOSHEN CHURCH, UMUAKONU FARM ROAD IGBO ETCHE, RIVERS STATE.",Rivers,Nigeria,Africa
98,"CHOKOATA 4, UMOTUBE","ROBERT FARM ROAD, UMOTUBE IGBO-ETCHE, ROBERT FARM ROAD, UMOTUBE IGBO-ETCHE",Rivers,Nigeria,Africa
99,CHOKOTA 5 IGBO ETCHE,"EBI PLAZA, UMUCHOKO FARM ROAD, CHOTOTA IGBO ETCHE, EBI PLAZA, UMUCHOKO FARM ROAD, CHOTOTA IGBO ETCHE",Rivers,Nigeria,Africa
100,ABARA,"ABARA CHURCH, ABARA, ETCHE., ABARA CHURCH, ABARA, ETCHE.",Rivers,Nigeria,Africa
101,UMUOYE,"UMUOYE CHURCH, UMUOYE, ETCHE, UMUOYE CHURCH, UMUOYE, ETCHE",Rivers,Nigeria,Africa
102,CONRIS PLACE,"NEW ROAD, ROAD 9, 2ND AVENUE OFF MGBUOBA PORT HARCOURT., NEW ROAD, ROAD 9, 2ND AVENUE OFF MGBUOBA PORT HARCOURT.",Rivers,Nigeria,Africa
103,DE-AMEN,"24 EGBELU AKAMI ROAD, OFF NTA ROAD, CORNERSTONE, OZUOBA PH., 24 EGBELU AKAMI ROAD, OFF NTA ROAD, CORNERSTONE, OZUOBA PH.",Rivers,Nigeria,Africa
104,"CREAM DE LA, CREAM","- CREAM DE LA CREAM CHURCH., #4 KPAKANI STREET, OFF OBI-WALI ROAD, RUMUIGBO., - CREAM DE LA CREAM CHURCH., #4 KPAKANI STREET, OFF OBI-WALI ROAD, RUMUIGBO.",Rivers,Nigeria,Africa
105,DEKEN,"DEKEN ULTRA MODERN PRIMARY AUDITORIUM, DEKEN, DEKEN ULTRA MODERN PRIMARY AUDITORIUM, DEKEN",Rivers,Nigeria,Africa
106,DESS JEFF,"DESS JEFF RECREATION CENTRE SHELL LOCATION ROAD BY CAR WASH, OYIGBO., DESS JEFF RECREATION CENTRE SHELL LOCATION ROAD BY CAR WASH, OYIGBO.",Rivers,Nigeria,Africa
107,D/LINE,"15, OMOKU STREET, D/LINE PORT HARCOURT., 15, OMOKU STREET, D/LINE PORT HARCOURT.",Rivers,Nigeria,Africa
108,D/LINE 2,"3 AKOBO STREET D-LINE;, BEHIND ASSOTEL BUILDING, GARRISON, PORT HARCOURT., 3 AKOBO STREET D-LINE;, BEHIND ASSOTEL BUILDING, GARRISON, PORT HARCOURT.",Rivers,Nigeria,Africa
109,EAGLE ISLAND 1,"PLOT 247 (HIGH-LAND HEIGHT SCHOOL), ALHAJI ORLU AVENUE, OFF CALVARY TEMPLE ROAD, EAGLE ISLAND PORT HARCOURT., PLOT 247 (HIGH-LAND HEIGHT SCHOOL), ALHAJI ORLU AVENUE, OFF CALVARY TEMPLE ROAD, EAGLE ISL",Rivers,Nigeria,Africa
110,GREEN CITY,"#61 GREEN CITY ESTATE ROAD, GREEN CITY ESTATE, ELELENWO, #61 GREEN CITY ESTATE ROAD, GREEN CITY ESTATE, ELELENWO",Rivers,Nigeria,Africa
111,EAGLE ISLAND 2,"32, HON. VICTOR IHUNWO (ANDONI) ROAD, EAGLE ISLAND., 32, HON. VICTOR IHUNWO (ANDONI) ROAD, EAGLE ISLAND.",Rivers,Nigeria,Africa
112,EASTERN BY-PASS,"PLOT 20, OLD GRA EXTENSION, PHC, PLOT 20, OLD GRA EXTENSION, PHC",Rivers,Nigeria,Africa
113,EBUBU,"EBUBU CHURCH., BEFORE BRIDGE ALONG EJAMAH-TRAILER PARK ROAD, EBUBU ELEME, RIVERS STATE., EBUBU CHURCH., BEFORE BRIDGE ALONG EJAMAH-TRAILER PARK ROAD, EBUBU ELEME, RIVERS STATE.",Rivers,Nigeria,Africa
114,EBUBU EGBALOR,"#1 OBE STREET OFF EGBALOR FARM ROAD, EBUBU ELEME., #1 OBE STREET OFF EGBALOR FARM ROAD, EBUBU ELEME.",Rivers,Nigeria,Africa
115,SIME TAI,"#1 SYSTEM WORLD GUEST HOUSE, SIME JUNCTION, TAI, #1 SYSTEM WORLD GUEST HOUSE, SIME JUNCTION, TAI",Rivers,Nigeria,Africa
116,E C M PLAZA,"KM5, EAST WEST ROAD, OPP CHARKINS MARITIME ACADEMY, PORT-HARCOURT., KM5, EAST WEST ROAD, OPP CHARKINS MARITIME ACADEMY, PORT-HARCOURT.",Rivers,Nigeria,Africa
117,EDEOHA (AHOADA),"ALONG ABUA ROAD, BY IKATA JUNCTION, EDEOHA TOWN, AHOADA EAST., ALONG ABUA ROAD, BY IKATA JUNCTION, EDEOHA TOWN, AHOADA EAST.",Rivers,Nigeria,Africa
118,AMINIGBOKO,,Rivers,Nigeria,Africa
119,UZOCHI,"UZOCHI, UZOCHI",Rivers,Nigeria,Africa
120,IDEOKE,"IDEOKE, IDEOKE",Rivers,Nigeria,Africa
121,OWEREWERE,"OWEREWERE, OWEREWERE",Rivers,Nigeria,Africa
122,EGBU-ETCHE,"EGBUCOMMUNITY HALL, ETCHE, EGBUCOMMUNITY HALL, ETCHE",Rivers,Nigeria,Africa
123,EGBELU 1,"EGBELU OZODO, ALONG OGBOGORO ROAD, PORT HARCOURT., EGBELU OZODO, ALONG OGBOGORO ROAD, PORT HARCOURT.",Rivers,Nigeria,Africa
124,EGBELU 2,"#1 WORSHIP AVENUE, BESIDES DE FAME HOTEL, EGBELU-OZODO, PORT HARCOURT., #1 WORSHIP AVENUE, BESIDES DE FAME HOTEL, EGBELU-OZODO, PORT HARCOURT.",Rivers,Nigeria,Africa
125,EGBEDA,"EGBEDA CHURCH, IBONIMERE ALONG EGBEDA/UBIMINI ROAD, EMOLGA, RIVERS STATE.",Rivers,Nigeria,Africa
126,UBIMINI,"SALVATION MINISTRY CHURCH, UBIMINI COMMUNITY TOWN HALL, UBIMINI.",Rivers,Nigeria,Africa
127,ODUOHA-EMOHUA,"SALVATION MINISTRY CHURCH, ODUOHA-EMOHUA COMMUNITY",Rivers,Nigeria,Africa
128,EGEDE,"GLORY CENTER SATELLITE, 27 OJOTO STREET, MILE 2, DIOBU, PH",Rivers,Nigeria,Africa
129,EGWI,"ALONG ULAKWU RD, EGWI ETCHE",Rivers,Nigeria,Africa
130,ELECHI DIOBU,"33, ELECHI BEACH MILE 1 DIOBU PHC",Rivers,Nigeria,Africa
131,ELELE ALIMINI,"OMUOHIA TOWN HALL, ELELE ALIMINI, OFF EAST- WEST ROAD.",Rivers,Nigeria,Africa
132,ELELENWO 1,"10 OILFIELD ROAD, BEHIND OILFIELD HOTEL, OFF SCHOOL ROAD, ELELENWO, PORTHARCOURT, R/S.",Rivers,Nigeria,Africa
133,ELELENWO 2,"70 ODANI ROAD, ELELENWO.",Rivers,Nigeria,Africa
134,"ELELENWO, ELIMINIGWE","ELIMINIGWE BRANCH, ORO JESUS PLAZA, #222 OLD REFINERY ROAD, ELELENWO, PH.",Rivers,Nigeria,Africa
135,EBUKUMA,"TOWN HALL 2, EBUKUMA ANDONI",Rivers,Nigeria,Africa
136,"UNION HALL, ELIOZU","NENI TOWN UNION HALL, BESIDE BENVIATTO SCHOOL, ALONG GAS ROAD, POLICE POST, ELIOZU.",Rivers,Nigeria,Africa
137,ELIGBOLO 1,"MARIS PLAZA., 2ND FLOOR MARIS PLAZA BESIDE IVORY HEIGHT GARDEN ESTATE, ENEKA LINK ROAD.",Rivers,Nigeria,Africa
138,"ELIOGBOLO 2, RUKPOKU, (HUMANITY)","SALVATION MINISTRIES, WHITEHOUSE BRANCH., BLESSED EDUCATIONAL SYSTEM SCHOOL, RUKPOKWU.",Rivers,Nigeria,Africa
139,ELIOZU,"1, G. U AKE ROAD, ELIOZU FLYOVER, PH.",Rivers,Nigeria,Africa
140,84 ELIOGBOLO,"PLOT 84, ELIOGBOLO, RUMUODOMAYA, PH",Rivers,Nigeria,Africa
141,"ELIOZU FARM, ROAD","FARM ROAD CHURCH., FARM ROAD 2, ELIOZU",Rivers,Nigeria,Africa
142,GRACE AND GLORY CENTER,"CHURCH, GRACE AND GLORY CENTER., #8 IYIAKA STREET, OFF CAR WASH JUNCTION ELIOPARANWO/OGBOGORO ROAD, ELIOPARANWO.",Rivers,Nigeria,Africa
143,ELIOPOKWU-ODU CAMBODIAH,"CAMBODIAH EVENT CENTER ELIOPOKWU-ODU, ALUU LINK ROAD, ELIKPOKODU, (ELIPOKODU SATELITE CHURCH 2) RUKPOKWU, R/S.",Rivers,Nigeria,Africa
144,ELIOPOKWU-ODU,"MABEL PLAZA, 155 ELIKPOKWU ODU/ ALUU LINK ROAD, ROKPOKWU",Rivers,Nigeria,Africa
145,"TESTIMONY, CENTRE, ELIOWHANI ROAD",11 GOLDEN PLAZA ELIOWHANI TESTIMONY CENTRE PORT HARCOURT,Rivers,Nigeria,Africa
146,ELIMGBU,"ELIMGBU BRANCH, #2 MANGO ESTATE, ELIMGBU",Rivers,Nigeria,Africa
147,RUMUOKPARALI,"RUMUOKPARALI BRANCH, BELIEVE WALI HALL.",Rivers,Nigeria,Africa
148,OMUNWEI,"OMUNWEI BRANCH, IGWURUTA.",Rivers,Nigeria,Africa
149,EMOHUA,"GRA, ALONG EMOHUA GENERAL HOSPITAL ROAD, G.R.A EMOHUA.",Rivers,Nigeria,Africa
150,ODUOHA-OGBAKIRI,ODUOHA-OGBAKIRI NKOROMA ROAD,Rivers,Nigeria,Africa
151,"OKPOROWO, OGBAKIRI","IHUNWO’S COMPOUND, MGBUOBA STREET, OKPOROWO OGBAKIRI, EMOHUA.",Rivers,Nigeria,Africa
152,"EMOHUA, ELIBRADA","ELIBRADA BRANCH, EMOHUA, RIVERS STATE",Rivers,Nigeria,Africa
153,OMUDIOGA,"OMUDIOGA CHURCH, OMUDEDE COMMUNITY HALL",Rivers,Nigeria,Africa
154,RUMUEKPE,"RUMUEKPE SATELLITE CHURCH., RUMUEKPE COMMUNITY HALL IMOGU, RUMUEKPE, EMOLGA.",Rivers,Nigeria,Africa
155,MBIAMA,"MBIAMA, MBI-AMA",Rivers,Nigeria,Africa
156,TOMBIA,"CHURCH, TOMBIA",Rivers,Nigeria,Africa
157,KRAKRAMA,CHURCH KRAKRAMA,Rivers,Nigeria,Africa
158,EMOHUA 2,"CHURCH, EMOHUA",Rivers,Nigeria,Africa
159,ENEKA 1,"OPPOSITE GOVERNMENT SECONDARY SCHOOL, ENEKA-IGWURUTA ROAD, ENEKA",Rivers,Nigeria,Africa
160,RUMUOCHOIORLU ENEKA,"CHURCH, RD-27 RUMUOCHIORLU, ENEKA.",Rivers,Nigeria,Africa
161,ENEKA 2,"APRIL EVENT CENTRE, ENEKA, RUMUOGUWUMMA NEW LAYOUT, PORT HARCOURT.",Rivers,Nigeria,Africa
162,ETEO-ELEME,"SALVATION MINISTRIES, HEALTH CENTRE ROAD, ETEO-ELEME, RIVERS STATEE",Rivers,Nigeria,Africa
163,Unknown,,Rivers,Nigeria,Africa
164,FINIMA 1,"FINIMA 1 BESIDES HEALTH CENTER QUARTERS, ZONE 3, FINIMA, BONNY.",Rivers,Nigeria,Africa
165,FINIMA 2,"SAVE THE CHILD FOUNDATION AGALANGA, LONG HOUSE FINIMA, BONNY.",Rivers,Nigeria,Africa
166,FINIMA 3,"FINIMA 3, WORKER’S CAMP, FINIMA, BONNY",Rivers,Nigeria,Africa
167,FINIMA 4,"FINIMA 4 CHURCH, PLOT 92, ZONE 2, CAR PARK, FINIMA, BONNY ISLAND.",Rivers,Nigeria,Africa
168,BATHURST,"BATHURST BRANCH, #23 BATHURST STREET, TOWN, PORTHARCOURT’",Rivers,Nigeria,Africa
169,GLASSHOUSE,"28 RUMUOLA-STADIUM LINK ROAD, OFF STADIUM ROAD PORT HARCOURT.",Rivers,Nigeria,Africa
170,GEORGE-AMA,"CHIEF ENYINNA POLO GEORGE-AMA, OKRIKA",Rivers,Nigeria,Africa
171,H-PARAGON,"H-PARAGON CHURCH, OLD ONNE ROAD, EJAMAH EBUBU ELEME, RIVERS STATE",Rivers,Nigeria,Africa
172,MOGHO (GOKANA),"MOGHO TOWN HALL, BEHIND MOGHO FOOTBALL FIELD, GOKANA",Rivers,Nigeria,Africa
173,BIARA,"BIARA COMMUNITY TOWN HALL, BIARA GOKANA",Rivers,Nigeria,Africa
174,KPEAN,,Rivers,Nigeria,Africa
175,OKAWALE,,Rivers,Nigeria,Africa
176,KONO,KM2 BORI-KONO WATERSIDE ROAD KONO TOWN,Rivers,Nigeria,Africa
177,IBAA TOWN,"COMMUNITY TOWN HALL, BESIDE STATE PRIMARY SCHOOL 1, IBAA TOWN, RIVERS STATE.",Rivers,Nigeria,Africa
178,IBETO,"32, IBETO ROAD, OFF RECLAMATION ROAD, TOWN, PORT HARCOURT.",Rivers,Nigeria,Africa
179,IBOLOJI,"IBOLOJI, #4 WORLU EGUMA STREET, IBOLOJI ESTATE, RUMUIGBO, PH",Rivers,Nigeria,Africa
180,IPO,"SALVATION MINISTIES IPO, AIRPORT ROAD, IP. KELGA.",Rivers,Nigeria,Africa
181,OMADEME,"SALVATION MINISTRIES, OMADEME CHURCH",Rivers,Nigeria,Africa
182,IHIE-ETCHE,"IHIE COMMUNITY TOWN HALL ETCHE, R/S",Rivers,Nigeria,Africa
183,IHUGBO AHOADA,"IHUGBO TOWN BY YKC FILLING STATION EAST-WEST ROAD, IHUGBO, AHOADA",Rivers,Nigeria,Africa
184,IHUOWO AHOADA,"WOMEN TOWN HALL, IHUOWO, AHOADA EAST",Rivers,Nigeria,Africa
185,OBIRI IKWERRE,"CHURCH., SALVATION CLOSE, OBIRI IKWERRE, BESIDES GRA PHASE 5.",Rivers,Nigeria,Africa
186,"IGBO-ETCHE, UMULU",UMULU IGBO-ETCHE,Rivers,Nigeria,Africa
187,"IGBO-ETCHE, UMUALIKPO","PEARL FIELD INT’L ACADEMY, IGBO-ETCHE UMUALIKPO",Rivers,Nigeria,Africa
188,OKOCHE,"OKOCHE BRANCH., OKOCHE FARM ROAD OPPOSITE, EDEGELEM BIG MARKET, IGBO ETCHE, ETCHE, RIVERS STATE",Rivers,Nigeria,Africa
189,IGWURUTA,"OMUOHIA COMMUNITY HALL, IGWURUTA",Rivers,Nigeria,Africa
190,IGWURUTA 2,"OMUODUKWU BRANCH, OFF AIRPORT ROAD.",Rivers,Nigeria,Africa
191,"IGWURUTA3-, OMUMAH",OMUMAH CHURCH. OMUMAH TOWN HALL BY OMUMAH JUNCTION.,Rivers,Nigeria,Africa
192,"IKWERRENGWO ETCHE, OYIGBO","CHURCH, PROMISE LAND, IKWERENGWO ETCHE.",Rivers,Nigeria,Africa
193,"RINCOLL, (IGWURUTA-ALI)","IGWURUTA-ALI., SALVATION PATH, OFF ALIMINI ROAD, IGWURUTA-ALI.",Rivers,Nigeria,Africa
194,ILLOABUCHI,"ILLAOBUCHI., #105, ANOZIE, BY ILAOBUCHI, MILE2 DOIBU, PH",Rivers,Nigeria,Africa
195,RUMUEKINI 4,"TODAY FM DRIVE, RUMEKINI PH.",Rivers,Nigeria,Africa
196,IRIEBE HOUSING ESTATE,"IRIEBE HOUSING ESTATE, RIVERS STATE, PORT HARCOURT.",Rivers,Nigeria,Africa
197,IWOFE,"#59, IWOFE ROAD, BESIDE CITY CROWN HOTEL, RUMUEPIRIKOM.",Rivers,Nigeria,Africa
198,IWOFE 2,"#101 IWOFE ROAD, RUMUOLUMENI, PH",Rivers,Nigeria,Africa
199,ISAKA TOWN,GYMING SPORT COMPLEX HALL ISAKA TOWN,Rivers,Nigeria,Africa
200,ALAKIRI,"CHURCH., ALAKIRI COMMUNITY TOWN HALL, OKIRIKA",Rivers,Nigeria,Africa
201,EGBELELIE,"BRANCH., EGBELELIE-AMA BESIDE FUBI PARADISE OKIRIKA.",Rivers,Nigeria,Africa
202,OLD IBAKA,"CHURCH., OLD IBAKA COMMUNITY TOWN HALL, IBAKA.",Rivers,Nigeria,Africa
203,ISIOKPO,"OPP/MAC-VIC HOTEL AGWARA ISIOKPO, RIVERS STATE",Rivers,Nigeria,Africa
204,JOHN FIBERESIMA,"21 ENGR. AMININASOARI BAPAKAYE ROAD, JOHN FIBERESIMA-AMA, MAIN LAND OKRIKA",Rivers,Nigeria,Africa
205,"KARIS EVENT, PLACE","#1 BENDE STREET, RUMUOMASI, PORT-HARCOURT",Rivers,Nigeria,Africa
206,KAANI,"BUA-KAANI ULTRA MODEL TOWN HALL, KANI 1, OGONI",Rivers,Nigeria,Africa
207,K-DERE,"K-DERE COMMUNITY PRIMARY AUDITORIUM, K-DERE GOKANA",Rivers,Nigeria,Africa
208,KALIO-AMA,"SALVATION MINISTRIES, BARR. T.O ISHMAEL HOUSE (INDWELLER’S LODGE) 11/12 OBUDIBO OMUARU, KALIO-AMA, OKRIKA",Rivers,Nigeria,Africa
209,RUMUOLA,"#29 RUMUOLA ROAD, PHC.",Rivers,Nigeria,Africa
210,KINGS SATELITE CHURCH,"KM 2 ALFRED PLAZA OPPOSITE SPRINGWELL ACADEMY IZUOMA, NEW LAYOUT OYIGBO, RIVERS STATE",Rivers,Nigeria,Africa
211,KPITE SATELLITE,,Rivers,Nigeria,Africa
212,KOROMA,"KOROMA SATELLITE CHURCH, KOROMA PRIMARY AUDITIRIUM, KOROMA TAI.",Rivers,Nigeria,Africa
213,KOROKORO-TAI,"KOROKORO BRANCH., KOROKORO TAI LGA, R/S.",Rivers,Nigeria,Africa
214,KULA,"KULA CHURCH, COMMUNITY TOWN HALL BY CANNAL, KULA",Rivers,Nigeria,Africa
215,BAKANA,"BAKANA CHURCH, CHIEF LULU’S COMPOUND, BAKANA",Rivers,Nigeria,Africa
216,LEXCEL PLAZA,"LEXCEL PLAZA CHURCH, #10, AHOADA ROAD, OPPOSITE GENERAL HOSPITAL, OMOKU, ONELGA, RIVERS STATE",Rivers,Nigeria,Africa
217,LORD EMMANUEL,"NO1 LORD EMMANUEL STREET, BY AIRFORCE JUNCTION RUMUOMASI, PORT HARCOURT",Rivers,Nigeria,Africa
218,DE-PRAISE EVENT CENTRE,"DE-PRAISE CHURCH., ANNEX ONE MAN VILLAGE, NKPOLU, RUMUIGBO, RIVERS STATE.",Rivers,Nigeria,Africa
219,"DEN- BEC, SATELLITE","13B EAST-WEST ROAD, BESIDE GTBANK RUMUODUMAYA, PH.",Rivers,Nigeria,Africa
220,OKAHIA,"OKAHIA ESTATE RUMUIGBO OPP. NNPC, EAST WEST ROAD, PHC",Rivers,Nigeria,Africa
221,MARINE BASE,"CHURCH, FIRISIKA POLO, DOWN MARINE BASE, PORT HARCOURT.",Rivers,Nigeria,Africa
222,MGBARAJA,"ROYAL HALL EGBELU-MGBARAJA, OGBOGORO, OBIO AKPOR, RIVERS STATE",Rivers,Nigeria,Africa
223,MGBARAJA NEW ROAD,"MGBARAJA NEW ROAD, OGBOGORO, R/S.",Rivers,Nigeria,Africa
224,MGBUOBA,"MGBUOBA, 112, NTA ROAD, BY LOCATION JUNCTION, BESIDE GTBANK, MGBUOBA, PH.",Rivers,Nigeria,Africa
225,MGBUODOHIA,"MGBUODOHIA, #1 YAKUBU STREET, OFF FARM ROAD, MGBUODOHIA, RUMUOLUMENI.",Rivers,Nigeria,Africa
226,MILE 1,"42, IKWERRE ROAD MILE 1 DIOBU, PHC",Rivers,Nigeria,Africa
227,MILE 2-DIOBU,"#80 NNAKA STREET, MILE 1, DIOBU",Rivers,Nigeria,Africa
228,MILE 3,"#9 WOBO STREET, MILE 3.",Rivers,Nigeria,Africa
229,MILE 4,"18, EBARA/ OROAZI ROAD, RUMUEPIRIKOM, PH",Rivers,Nigeria,Africa
230,U.O.E,"U.O.E, IWOFE ROAD, BY BIDDEL FILLING STATION RUMUOLUMENI. PORT HARCOURT.",Rivers,Nigeria,Africa
231,"NEW ROAD, (BORIKIRI) 1","PLOT 159, ABIYE SEKIBO STREET, NEW ROAD, BORIKIRI, PHC.",Rivers,Nigeria,Africa
232,OBUMUNTON CHIRI,OBUMUNTON CHIRI COMMUNITY HALL,Rivers,Nigeria,Africa
233,NDELE,FORMER STATE SCHOOL 1 – NDELE.,Rivers,Nigeria,Africa
234,NDONI OMOKU,"NDONI., LUCKY ODILI HALL, OLD MARKET ROAD, NDONI, ONELGA, RIVERS STATE.",Rivers,Nigeria,Africa
235,NGO TOWN,"NGO CHURCH, NGO TOWN, ANDONI",Rivers,Nigeria,Africa
236,NKPOGWU,21 NKPOGWU ROAD TRANS AMADI INDUSTRIAL LAYOUT. PORT HARCOURT.,Rivers,Nigeria,Africa
237,NKPOLU,"2, IGWE STREET, OFF TORUGO STREET, OPP. NKPOLU PRIMARY SCHOOL, NKPOLU, RUMUIGBO, PORT HARCOURT",Rivers,Nigeria,Africa
238,NKPOLU TOWN,"NKPOLU TOWN CHURCH., NKPOLU, PHC.",Rivers,Nigeria,Africa
239,NKPOR,"29 CHIEF (HON) ADELE ORAGBULE CRESCENTS/ NAVY NKPOR ROAD, NKPOR PORT HARCOURT.",Rivers,Nigeria,Africa
240,OZUOBA 2,"5 OKPORO STREET, BY RUMUOSI JUNCTION OFF NTA/CHOBA ROAD OZUOBA, PH",Rivers,Nigeria,Africa
241,NONWA,"NONWA ULTRA – MODERN MARKET, CONFERENCE HALL NONWA JUNCTION, TAI L.G.A, RIVERS STATE.",Rivers,Nigeria,Africa
242,NORTEM BORI,"NORTEM HALL CHURCH, PRINCE IGBARA STREET, POLYTECHNIC ROAD, BORI",Rivers,Nigeria,Africa
243,OBUAMA,"HARRY’S TOWN DEGEMA, COMMUNITY YOUTH CENTRE, OBUAMA.",Rivers,Nigeria,Africa
244,OBRIKOM,"OBRIKOM., ALONG EGBEMA ROAD, OBRIKOM, ONELGA, RIVERS STATE.",Rivers,Nigeria,Africa
245,"OCHIGBA, AHOADA","IHUCHI HALL, OCHIGBA AHOADA EAST",Rivers,Nigeria,Africa
246,ODIEMERENYI,WOMEN TOWN HALL ODIERENYI TOWN AHOADA EAST,Rivers,Nigeria,Africa
247,ODILI ROAD,"ODILI, #117, ODILI ROAD, AMADI AMAPORT HARCOURT.",Rivers,Nigeria,Africa
248,OGALE-ELEME,OPPOSITE DAUGHTHER’S OF CHARITY NCHIA-ELEME,Rivers,Nigeria,Africa
249,OGALE FARM ROAD,"OGALE FARM ROAD, BY SHELL LOCATION, ELEME.",Rivers,Nigeria,Africa
250,OGIDAO -ETCHE,"OGIDA TOWN HALL, OGIDA ETCHE",Rivers,Nigeria,Africa
251,OGBUNABALI,"10 AHIAMAKARA OFF EDE STREET BY WAJA TRANS AMADI JUNCTION, OGBUNABALI, PORT HARCOURT",Rivers,Nigeria,Africa
252,OGUNABALI 2,"11 OKWU CRESCENT OFF GADA STREET, OGUNABALI PH",Rivers,Nigeria,Africa
253,OGBO-AHOADA,"THRIFT HALL, OKIJA LANE OGBO-AHOADA EAST",Rivers,Nigeria,Africa
254,OGBOGORO,OGBOGORO,Rivers,Nigeria,Africa
255,OGOLOGO (EAGLE HOUSE),"NO 3, TIMAYA STREET, RUMUCHIORLU, OFF OHAKWE STREET, RUMUIGBO PH",Rivers,Nigeria,Africa
256,OGU,"ROAD SANDFIELD AREA, OGU",Rivers,Nigeria,Africa
257,OGU 2,"SALVATION MINSTRIES, COURT HALL TOWN SQUARE, OGU",Rivers,Nigeria,Africa
258,OGU 3,"SALVATION MINISTRIES, NEAR OLD CORPER’S LODGE MISION, TENDE-AMA, OGU",Rivers,Nigeria,Africa
259,OHIAMINI,"OHIAMINI, #15 PSYCHIATRIC ROAD, OHIAMINI, RUMUOLA-RUMUIGBO, PH",Rivers,Nigeria,Africa
260,OKAKI O,"OKAKI, #86 HAROLD WILSON DRIVE, OKAKI BORIKIRI",Rivers,Nigeria,Africa
261,"CAPTAIN, AMANAGALA","HAROLD WILSON DRIVE CHURCH., OPPOSITE CAPTAIN AMANGALA JUNCTION, BOROKIRI TOWN, PORT HARCOURT.",Rivers,Nigeria,Africa
262,OKEHI-ETCHE,"OKEHI., ALONG OKEHI - OMUMA FEDERAL ROAD OKEHI 1, ETCHE, RIVERS STATE.",Rivers,Nigeria,Africa
263,OKEMINI ROAD,"OKEMINI ROAD BY Y-JUNCTION BEHIND NICEEFIELD SCHOOL, RUMUAGHOLU PORT HARCOURT",Rivers,Nigeria,Africa
264,OKOCHIRI,"OKOCHIRI CHURCH, KING NEMI T. OPUTIBEYA AMA, ISAIAH ROAD, OKOCHIRI KINGDOM, OKRIKA",Rivers,Nigeria,Africa
265,OKOCHIRI 2,DCN. DANIEL IBUBELEYE ESTATE CHURCH OFF MESSIAH ROAD OKOCHIRI KINGDOM OKRIKA,Rivers,Nigeria,Africa
266,OKOGBE-AHOADA,"DE PRINCE GUEST HOUSE, ALONG OYAKAMA ROAD OKOGBE- AHOADA WEST",Rivers,Nigeria,Africa
267,OKOMA HALL,"11, IGIATULO COMMUNITY ROAD BESIDE HIGH TIDE MARINE, ABULOMA",Rivers,Nigeria,Africa
268,OKOMOKO-ETCHE,"OKOMOKO COMMUNITY, OKOMOKO ETCHE.",Rivers,Nigeria,Africa
269,ACHIEVER,"ACHIEVER’S INT’L SCHOOL, UMUDU, OMUMA",Rivers,Nigeria,Africa
270,UMUATURU,,Rivers,Nigeria,Africa
271,OKPORO ROAD,"OKPORO., #9 CHETA STREET OFF OKPORO ROAD, RUMUODARA",Rivers,Nigeria,Africa
272,OKRIKA,"OKRIKA., OGBOGBO COMMUNITY HALL, SAND FILLED AREA, OGBOGBO – OKRIKA.",Rivers,Nigeria,Africa
273,OKRIKA-REFINERY,"REFINERY ROAD., REFINARY MAIN GATE SATELITE CHURCH, ABAM JUNCTION, OKRIKA.",Rivers,Nigeria,Africa
274,OKRIKA-GREAM AMA,"GREAM AMA., GREAM-AMA COMMUNITY HALL, GREM-AMA, OKRIKA",Rivers,Nigeria,Africa
275,"OKRIKA, EKEREKANA","EKEREKANA., EKEREKANA COMMUNITY HALL, EKEREKANA OKRIKA.",Rivers,Nigeria,Africa
276,OKRIKA-OGOLOMA,"OGOLOMA., OLD OGOLOMA TOWN HALL, BIKE BUS STOP, OGOLOMA, OKRIKA",Rivers,Nigeria,Africa
277,OKRIKA-GRA,"GRA., CHIEF AMAKIRI STREET, OFF BERENABO ROAD BEHIND AMATEL HOTELS, GRA - ABAM, OKRIKA",Rivers,Nigeria,Africa
278,OKILTON,"JONATHAN PLAZA, #20 ADA GEORGE ROAD BY OKILTON JUNCTION, PHC",Rivers,Nigeria,Africa
279,"OLD ABA ROAD, OYIGBO","PARADISE INTERNATIONAL SCHOOL, #17 OLD ABA, MBANO CAMP, OYIGBO WEST, RIVERS STATE.",Rivers,Nigeria,Africa
280,OLD GRA,"OLD GRA., TOG HOTELS, #1A YOLA STREET, AMADI FLATS, OLD GRA, P/H.",Rivers,Nigeria,Africa
281,OMAGWA,"OMUOLO TOWN HALL, OMAGWA.",Rivers,Nigeria,Africa
282,OMAGWA 3,"ALONG OMUIKUME, AGWAWIRIE ROAD, OMUIKUME, OKPARAGWA, OMAGWA TOWN",Rivers,Nigeria,Africa
283,OMERELU,"ALONG OWERRI ROAD, OMOPI, OMERELU",Rivers,Nigeria,Africa
284,"OMEGA HOUSE, RUMUODARA","KM 4 EAST-WEST ROAD, NANKA HALL RUMUODARA",Rivers,Nigeria,Africa
285,OMOWEALTH,"ALONG IMOGU ROAD, BY OMOWEALTH FILLING STATION, OMUEKETU, OMAGWA.",Rivers,Nigeria,Africa
286,OMUANWA,"OMUANWA CHURCH, OMUTE YOUTHS TOWN HALL, OMUTE, OMUANWA.",Rivers,Nigeria,Africa
287,OMOKU,"#180, AHOADA ROAD (FORMER MR. BIGGS BY IKIRI ROUNDABOUT ) OMOKU, ONELGA, RIVERS STATE.",Rivers,Nigeria,Africa
288,OMOKU-OGBOGU,"OGBOGU., #14 OMOKU/AHOADA ROAD, OPPOSITE COMMUNITY PRIMARY SCHOOL, OGBOGU TOWN, ONELGA, RIVERS STATE.",Rivers,Nigeria,Africa
289,OMOKU-OBAGI,"OBAGI., EBERE PLAZA, OPPOSITE OBIBOR ROUND ABOUT, OBAGI, ONELGA, RIVERS STATE, OBAGI.",Rivers,Nigeria,Africa
290,OMOKU-EDE,"EDE., AHOADA/OMOKU ROAD BY AMAH JUNCTION, EDE TOWN, ONELGA, RIVERS STATE.",Rivers,Nigeria,Africa
291,OMOKU-EREMA,"EREMA SHOPPING MALL, EREMA TOWN – ONELGA, RIVERS STATE.",Rivers,Nigeria,Africa
292,OMOKU-OBOBURU,"OBOBURU. IBAGWA TOWN HALL, OBOBURU TOWN, ONELGA, RIVERS STATE.",Rivers,Nigeria,Africa
293,"OMOKO, IMMACULATE","IMMACULATE., IMMACULATE HOTEL AND EVENT CENTRE, 88 EREMA STREET, OMOKU, ONELGA, RIVERS STATE.",Rivers,Nigeria,Africa
294,OMOKU-OBOHIA,"OBOHIA., 15/17 OBOHIA ROAD, OMOKU, ONELGA, RIVERS STATE.",Rivers,Nigeria,Africa
295,OMOKU-OBOR,"OBOR., #67 OBOR ROAD, BEFORE LOCATION JUNCTION, OBOR ROAD, OMOKU, ONELGA, RIVERS STATE.",Rivers,Nigeria,Africa
296,OMOKU-AKABUKA,"AKABUKA., #61 AHOADA/OMOKU ROAD, VIC’S VIEW HOTEL & RESORT, AKABUKA TOWN, ONELGA, RIVERS STATE.",Rivers,Nigeria,Africa
297,"OMOKU, OBIOZIMINI","OBIOZIMINI., MELFORD UMESI COMPOUND, OBIOZIMINI TOWN, ONELGA, RIVERS STATE.",Rivers,Nigeria,Africa
298,OMUMA,"UMUKPOTA CHURCH, OPP EBERI PARK, OMUMA, LGA.",Rivers,Nigeria,Africa
299,ONNE,"RCCG ROAD, LUBEY, AGBETA-ONNE, ELEME L.G.A. RIVERS STATE.",Rivers,Nigeria,Africa
300,ONNE 2,,Rivers,Nigeria,Africa
301,IKPO-AMA,"SANDFIELD (PHASE 1), IKPO-AMA, OGU/BOLO L.G.A",Rivers,Nigeria,Africa
302,OPOBO,"OPOBO., BRUCE JAJA’S COMPOUND, OPOBO TOWN",Rivers,Nigeria,Africa
303,NKORO,"NKORO CHURCH, OPOROKUNO PROGRESSIVE HALL SAND FIELD NKORO TOWN OPOBO/NKORO LGA RIVERS STATE.",Rivers,Nigeria,Africa
304,EPELLEME,"EPELLEMA CICILIA AVENUE, ALONG UZO-UZO EPELLEMA, OPOBO TOWN",Rivers,Nigeria,Africa
305,CENTER POINT,"CENTER POINT PLAZA, #52 HOSPITAL ROAD, BORI",Rivers,Nigeria,Africa
306,BUNU,"BUNU TAI, BESIDES COMMUNITY MARKET, BUNU TOWN.",Rivers,Nigeria,Africa
307,KIRA,"SALVATION MINISTRIES, KIRA MODERN TOWN HALL, KIRA, TAI",Rivers,Nigeria,Africa
308,ORADA-OZUOBA,"RUMUADOBO CIVIC CENTER, OPPOSITR AKPOR PALACE BY BAKERY JUNCTION OZUOBA.",Rivers,Nigeria,Africa
309,ORAIFITE - NEW RUMUIGBO,"CHURCH, #14 WALI OGBONDA ROAD (NTA-MERCYLAND LINK ROAD) OPPOSITE PEPSI DEPOT NEW LAYOUT, NEW RUMUIGBO PH",Rivers,Nigeria,Africa
310,OROWORUKWO,#130 ABA ROAD BY ST. JOHN’S CAMPUS GATE OROWORUKWO,Rivers,Nigeria,Africa
311,OWUDO,"OWUDO CHURCH, 4 IYO CLOSE, OWUDO COMMUNITY ABULOMA, PORT HARCOURT",Rivers,Nigeria,Africa
312,OYIGBO,"BY BAMBOO MKT, TIMBER JUNCTION, OYIGBO, RIVERS STATE.",Rivers,Nigeria,Africa
313,"OYIGBO-UNIK, EVENT CENTRE, IRIEBE","UNIK EVENT CENTRE CHURCH., 5 UGOHENZ AVENUE, OPP. TARIBO JUNCTION, EGBELU-IRIEBE",Rivers,Nigeria,Africa
314,EDDY JOHNSON,"52 SHELL LOCATION ROAD, OYIGBO, RIVERS STATE",Rivers,Nigeria,Africa
315,NEW HEAVEN,"G-CLIMAX MODEL SCHOOL, #30 NEW HEAVEN ESTATE, OYIGBO",Rivers,Nigeria,Africa
316,OZUAHA,"OZUAHA OMUSI-OZUAHA ROAD BY J.M.S, OZUAHA",Rivers,Nigeria,Africa
317,OZUOBA 1,"OPPOSITE AKPOR GRAMMAR SCHOOL, OZUOBA.",Rivers,Nigeria,Africa
318,OZUZU-ETCHE,OJIA TOWNHALL OZUZU TOWN ETCHE,Rivers,Nigeria,Africa
319,RUMUOKWURUSI PIPE LINE,"WUTCHE STREET, PIPELINE, RUMUOKWURUSHI, PORT HARCOURT, RIVERS STATE.",Rivers,Nigeria,Africa
320,AKWAKA 1- KEN STREET,"#2 KEN STREET, NEW ROAD LAYOUT AKWAKA PHASE 2 RUMUODOMAYA PH",Rivers,Nigeria,Africa
321,"AKWAKA 2-, AKPULONU STREET","STILOS PLAZA, #1 CHIEF AKPULONU STREET, OPPOSITE 1ST OPTION SCHOOL, AKWAKA, RUMUODOMAYA, PORT HARCOURT.",Rivers,Nigeria,Africa
322,ROSE HALL,"#148 IKWERRE ROAD, RUMUIGBO, PORT HARCOURT.",Rivers,Nigeria,Africa
323,PETER PLAZA,"PETER PLAZA 47 OGBOGORO ROAD, BESIDE OGASAM PETROL STATION, OGBOGORO PORTHACOURT, RIVERS STATE.",Rivers,Nigeria,Africa
324,ELIOPARANWO 2,"CHURCH., 64, ELIOPARANWO ROAD, PORT HARCOURT",Rivers,Nigeria,Africa
325,"GRACE CENTER, RUMUOKWURUSI PIPELINE-2","CHURCH, GRACE CENTER RUMUOKWURUSI, PIPELINE-2, PHC",Rivers,Nigeria,Africa
326,RUKPOKWU CIVIC CENTER,"RUKPOKWU CIVIC CENTER, BEHIND STATE PRIMARY SCHOOL.",Rivers,Nigeria,Africa
327,RUMUOKWUTA,"10 MGBUGBA/NTA ROAD, ADA-ODUM PLAZA RUMUOKWUTA PHC.",Rivers,Nigeria,Africa
328,RUKPOKWU,"KM 18 AIRPORT ROAD BY ALUU POLICE CHECK POINT, RUKPOKWU, PORT HARCOURT.",Rivers,Nigeria,Africa
329,RUMUAGHOLU,"CHURCH, KING’S CITY BRANCH, RUMUAGHOLU, PORT HARCOURT.",Rivers,Nigeria,Africa
330,"RUMUAGHOLU, PIPELINE","RUMUAGHOLU PIPELINE JUNCTION, RUMUAGHOLU",Rivers,Nigeria,Africa
331,RUMUAPU-ENEKA ROAD,"RUMUAPU BRANCH, OPPOSITE TENDRIL SCHOOL, RUMUAPU ROAD",Rivers,Nigeria,Africa
332,"ENEKA ROUND, ABOUT","S.E WORLU PLAZA, ENEKA ROUNDABOUT.",Rivers,Nigeria,Africa
333,RUMUEKINI 1,"9 MARKET ROAD BY MTN MASK, RUMUEKINI",Rivers,Nigeria,Africa
334,RUMUEKINI 2,"SALVATION STREET BEFORE FISH FARM RUMUEKINI, PHC",Rivers,Nigeria,Africa
335,"EGBELU ALUU, LINK","SALVATION MINISTRIES, EGBELU CHURCH, ALUU LINK ROAD, RIVERS STATE.",Rivers,Nigeria,Africa
336,RUMUEPIRIKOM,"RUMUEPIRIKOM CHURCH., ODOLI COMMUNITY HALL, ODOLI ROAD, MILE 4, WIMPY PHC.",Rivers,Nigeria,Africa
337,RUMUEWHARA,"#57 OROIGWE ROAD, RUMUEWHARA, OPPOSITE OROIGWE CIVIC CENTRE, PH",Rivers,Nigeria,Africa
338,RUMUIBEKWE,"GLORY LAND EVENT CENTRE 15, PARKER CRESCENT, RUMUIBEKWE ESTATE, PH",Rivers,Nigeria,Africa
339,GLORY BRANCH,"SALVATION MINISTRIES, GLORY BRANCH, ENEKA",Rivers,Nigeria,Africa
340,RUMUIGBO,"RUMUIGBO CHURCH., BARAKAH, #8, HARUK ROAD OFF OBI WALI ROAD, RUMUIGBO, PORT HAHARCOURT.",Rivers,Nigeria,Africa
341,"RUMUIGBO Y, JUNCTION","16, APARA/NTA LINK ROAD RUMUIGBO PH",Rivers,Nigeria,Africa
342,RUMUIGBO CIVIC CENTRE,"RUMUIGBO CIVIC CENTRE, BESIDE RUMUIGBO PRI. HEALTH CARE CENTRE, IKWERRE RD. RUMUIGBO. PH",Rivers,Nigeria,Africa
343,RUMUJI,"MGBUATAFA HALL, RUMUJI-EMOHUA",Rivers,Nigeria,Africa
344,RUMUEJIMA,RUMUEJIMA COMMUNITY HALL BY RUKPOKWU LAST BUS STOP OFF AIRPORT ROAD RUKPOKWU PHC.,Rivers,Nigeria,Africa
345,RUMUEME,"#295, IKWERRE ROAD, OPPOSITE RUMUEME CIVIC CENTRE, MILE 4, DIOBU",Rivers,Nigeria,Africa
346,RUMUNDURU,"#118 RD, RUMUNDURU",Rivers,Nigeria,Africa
347,"RUMUNDURU, TOWN, HALL/CULVERT","PLOT 40/42 STREAM ROAD BY CULVERT, RUMUNDURU, PORT HARCOURT",Rivers,Nigeria,Africa
348,RUMUOGBA,"RUMUOGBA CHURCH, MIRACLE PLAZA OPPOSITE HERITAGE BANK BY ARTILLERY JUNCTION, OLD ABA ROAD, PORTHARCOURT.",Rivers,Nigeria,Africa
349,RUMUOBIAKANI,"#3 CONSTRUCTION AVENUE, NEPA QUARTERS, OPPOSITE PROPEL FILLING STATION BY RUMUOBIAKANI ROUND ABOUT.",Rivers,Nigeria,Africa
350,RUMUODARA,"KM 4, EAST/ WEST ROAD, NANKA TOWN HALL RUMUODARA, PORT HARCOURT.",Rivers,Nigeria,Africa
351,EVANGEL PLAZA,#40 AIRPORT ROAD RUMUODOMAYA OPPOSITE RUMUODOMAYA NEW PARK.,Rivers,Nigeria,Africa
352,"RUMUODOMAYA PHINEHAS, SHOPPING PLAZA","SALVATION MINISTRIES, #76 AIRPORT RD PHINEHAS SHOPPING PLAZA RUMUODOMAYA PORT HARCOURT )",Rivers,Nigeria,Africa
353,RUMUKALAGBOR,"#28, RUMUKALAGBO/ELEKAHIA LINK ROAD, PH.",Rivers,Nigeria,Africa
354,RUMUOKORO,"#10 ELIEKE STREET OPPOSITE UBA, RUMUOKORO.",Rivers,Nigeria,Africa
355,RUMUOKWACHI,"#13, RUMUOKWACHI STR, RUMUOKWACHI TOWN PHC",Rivers,Nigeria,Africa
356,RUMUOKWURUSI,"ABA ROAD, ADJACENT TO UBA, RUMUOKWURUSI, PH.",Rivers,Nigeria,Africa
357,RUMUOLUMENI 1,"#97, AKER ROAD, RUMUOLUMENI, PH",Rivers,Nigeria,Africa
358,RUMUOLUMENI 5,"PLOT 2, OPPOSITE JESUS CLOSE, OFF AKER ROAD, RUMUOLUMENI",Rivers,Nigeria,Africa
359,RUMUOSI,"CHURCH, #4 SALVATION ROAD, OPPOSITE GULF GAS PLANT, RUMUOSI.",Rivers,Nigeria,Africa
360,RUMUOWHA,"ENEKA/RUKPOKWU ROAD RUMUOWHA, ENEKA, PORT HARCOURT",Rivers,Nigeria,Africa
361,ENUGU STREET,"SALVATION MINISTRIES, #3 ENUGU STREET.",Rivers,Nigeria,Africa
362,RUMUWOJI-ALODE NSUKKA,"#44 ABAKALIKI, MILE 1, DIOBU, RUMUWOJI BRANCH PHC",Rivers,Nigeria,Africa
363,"SAND FIELD, (BORIKIRI)","SALVATION MINISTRIES, #1 WILSON BAKERY ROAD, NAVY JUNCTION UPE, BORIKIRI, PH",Rivers,Nigeria,Africa
364,SARS ROAD,"SARS ROAD -1 CHURCH., PLOT 16, ROAD 6, ROYAL ESTATE, SARS ROAD, PHC",Rivers,Nigeria,Africa
365,SARS ROAD 2,"MALL FLORA, SARS ROAD.",Rivers,Nigeria,Africa
366,"SILA CENTRE, UMACHI","OMACHI CHURCH, #4 PEACE AVENUE, BEHIND SILA INT’L SCHOOL, OMACHI, RUMUODOMAYA, PH",Rivers,Nigeria,Africa
367,GOLF ESTATE,"OKURUAMA COMMUNITY OFF PETER ODILI ROAD, SLAUGHTER/TRANS AMADI PHC",Rivers,Nigeria,Africa
368,ST PATRIC PLAZA ENEKA,"SALVATION MINISTRIES, ST PATRICK PLAZA CHURCH., NEW LAYOUT ROAD RUMUEWHARA ROAD, PH",Rivers,Nigeria,Africa
369,TAABAA,TAABAA PRIMARY SCHOOL 2,Rivers,Nigeria,Africa
370,TIMBER JUNCTION,"TIMBER JUNCTION, EAST – WEST ROAD RUMUOSI, KILOMETER 15 EAST WEST ROAD, RUMUOSI",Rivers,Nigeria,Africa
371,"IMMANUEL, BRANCH","#1 SALVATION CLOSE., IMMANUEL ROAD, ABULOMA, PHC",Rivers,Nigeria,Africa
372,"GLORIOUS HOUSE, ELEME","GLORIOUS HOUSE BRANC., ALONG TRAILER PARK ROAD, EAST/WEST ROAD, EBUBU ELEME",Rivers,Nigeria,Africa
373,UBETA AHOADA,"UBETA YOUTH CENTRE, UBETA TOWN",Rivers,Nigeria,Africa
374,UBIMA,"UBIMA CHURCH, EBERE COMPOUND OMUORDU, UBIMA",Rivers,Nigeria,Africa
375,UMUAGBAI,WEAVING CENTRE UMUAGBAI OYIGBO,Rivers,Nigeria,Africa
376,UMUAKURU,"UMUAKURU BRANCH, UMUAKURU COMMUNITY TOWN HALL, IGBO ETCHE",Rivers,Nigeria,Africa
377,UMUASUKPU,"UMUASUKPO CHURCH, CHILDREN FOUNDATION SCHOOL, UMUASUKPU, IGBO-ETCHE.",Rivers,Nigeria,Africa
378,UMUECHEM-ETCHE,UMUNWAMBE TOWN HALL UMUOGO UMUECHEM ETCHE ALONG IGWURUTA ROAD,Rivers,Nigeria,Africa
379,UMUOGODO,"DE REPUBLIC, BESIDE NNPC FILLING STATION, UMUOGODO, IGBO-ETCHE",Rivers,Nigeria,Africa
380,UMUEBULE 1,"CHUMA JUO RESORT 1, SANDFIELD ROAD, UMUEBULE 1, ETCHE LGA, RIVERS STATE",Rivers,Nigeria,Africa
381,"UMUEBULE2-, NJOKU PLAZA","NJOKU PLAZA CHURCH, BESIDE EVENING MARKET, UMUEBULE 2, ETCHE PHC.",Rivers,Nigeria,Africa
382,UMUEBULE 4,"UMUEBULU 4 BUNCHY HALL OYIGBO, RIVERS STATE",Rivers,Nigeria,Africa
383,ULA-UPATA,"0PP. ULA-UPATA SEC. SCH. ULA, UPATA-AHOADA EAST.",Rivers,Nigeria,Africa
384,GRACE CENTER,"GRACE CENTER CHURCH, NO. 5 NEPA ROAD, BRAINFIELD SCHOOL ROAD ELIGBOLO OFF EAST WEST ROAD, PH.",Rivers,Nigeria,Africa
385,UPATABO,EVENT CENTRE BY SECONDARY SCHOOL UPATABO AHOADA WEST,Rivers,Nigeria,Africa
386,USOKUN-DEGEMA,ODERI HOTEL USOKUN DEGEMA.,Rivers,Nigeria,Africa
387,UST CAMPUS,"RIVERS STATE UNIVERSITY SATELLITE CHURCH, ROAD A, BESIDE STAFF SCHOOL.",Rivers,Nigeria,Africa
388,UZUAKA,"NDDC NEW HEALTH CENTRE UZUAKU, IMO GATE",Rivers,Nigeria,Africa
389,VICZAAC-NTA ROAD,"VICZAAC RENTAL EVENT, #309 NTA ROAD BESIDE NNPC FILLING STATION MGBUOBA PHC.",Rivers,Nigeria,Africa
390,VICTORY HOUSE,"BEFORE REFINERY JUNCTION (FORMER FESTIVE FAVOUR BUILDING) ALETO ELEME, RIVERS STATE",Rivers,Nigeria,Africa
391,WIIYAAKARA,PYAWUGAH HALL WIIYAAKARA KHANA LGA RIVERS STATE,Rivers,Nigeria,Africa
392,WOJI 1,"NO.1 CHURCH CLOSE, BEHIND UBA BANK, YKC JUNCTION, WOJI, PH",Rivers,Nigeria,Africa
393,WOJI2,"WOJI CHURCH 2, REES PLAZA #27 EZEGBAKAGBAKA STREET WOJI PHC, RIVERS STATE",Rivers,Nigeria,Africa
394,WOJI 3,"25 CIRCULAR ROAD OFF ALCON WOJI TOWN GBALAJAM PORT HARCOURT, RIVERS STATE.",Rivers,Nigeria,Africa
395,WOJI APAMINI,"APAMINI BRANCH, #13 OMACHI LANE RUMUROLU, APAMINI.",Rivers,Nigeria,Africa
396,WOJI-5 ELIJIJI,"WOJI-5, (LAND OF GOSHEN) 38 ELIJIJI AVENUE RUMUROLU",Rivers,Nigeria,Africa
397,WOJI 6 NVIGWE,"44 NVIGWE ROAD, WOJI",Rivers,Nigeria,Africa
398,WOJI 7,"PALACE JUNCTION BRANCH, WOJI.",Rivers,Nigeria,Africa
399,WOJI 8,"FAITH INTERNATIONAL SECONDARY SCHOOL, HALL 1., AT #9. FYNEFACE CHUKWU STREET, OFF ALCON ROAD, WOJI, PORTHARCOURT",Rivers,Nigeria,Africa
400,WOKOMA,"32, WOKOMA STREET, MILE 3, DIOBU, PH",Rivers,Nigeria,Africa
401,ZAAKPON,"COMMUNITY TOWN HALL, ZAAKPON, KHANA LGA. RIVERS STATE.",Rivers,Nigeria,Africa
402,"ZIVEN EVENT, CENTRE",KM4 IGBO ETCHE ROAD BY POLICE CHECK POINT RUMUKWURUSI PORT HARCOURT,Rivers,Nigeria,Africa
403,MGBUORI,MGBUORI CHURCH RUMUOKWURUSI CIVIC CENTER,Rivers,Nigeria,Africa
404,"IHIE NDUME, UMUAHIA HQ","IHIE NDUME, UMUAHIA HQ, , BESIDE PARADISE CYSTAL HOTEL, OCHENDO BY-PASS, OFF BENDE ROAD, UMUAHIA",Abia,Nigeria,Africa
405,WARRI STREET,"WARRI STREET, , 4WARRI STR. ISI-GATE, UMUAHIA",Abia,Nigeria,Africa
406,"UTURU, ABSU","UTURU, ABSU, , OPP.ARMY CHECKPOINT ABSU ABIA STATE",Abia,Nigeria,Africa
407,OVIM,,Abia,Nigeria,Africa
408,OLOKORO SANTACRUX,OLOKORO SANTACRUX,Abia,Nigeria,Africa
409,AMUZUKWU OHAFIA,,Abia,Nigeria,Africa
410,AROCHUKWU,,Abia,Nigeria,Africa
411,KENVILLE AGBAMA,,Abia,Nigeria,Africa
412,OHAFIA EBEN,,Abia,Nigeria,Africa
413,UBAKALA,,Abia,Nigeria,Africa
414,UMUDIKE,,Abia,Nigeria,Africa
415,PATORAIL,"#11 ABA RD, PATORAL HOTEL",Abia,Nigeria,Africa
416,AMAEKPU OHAFIA,,Abia,Nigeria,Africa
417,ELUAMA,,Abia,Nigeria,Africa
418,ABA REGION,,Abia,Nigeria,Africa
419,"OKIGWE RD, ABA HQ","Okigwe Road, 135C OKIGWE ROAD ABA",Abia,Nigeria,Africa
420,£2 PARK RD ABA,"PARK ROAD, #2 PARK ROAD ABA",Abia,Nigeria,Africa
421,UKAEGBU (OGBOR HILL),"UKAEGBU, #1, UKAEGBU RD, OGBOHILL ABA",Abia,Nigeria,Africa
422,OSUSU FAULK(ABA),"FAULKS ROAD, #51 FAULKS ROAD, OSUSU",Abia,Nigeria,Africa
423,OKPU UMUOBO,"OKPU/UMUOBO, UNION BANK BAYI ABA",Abia,Nigeria,Africa
424,OGWO RD,"OGWO ROAD, #81 OGWO ROAD BY U, GWUKE PARK",Abia,Nigeria,Africa
425,PH ROAD,"PH RD, #2, ONUOHA STR, BY PH RD",Abia,Nigeria,Africa
426,NGWA RD,"NGWA ROAD, #17B, NGWA RD ABA",Abia,Nigeria,Africa
427,OHANKU,"OHANKU, #166 OHANKU RD, BY IHEOJI MARKET",Abia,Nigeria,Africa
428,NNETU,"NNETU, EZIUKWU COMM, UNITY HALL",Abia,Nigeria,Africa
429,ENWEREJI OVOM RD,"OVOM, #5, EBWEREJI STR OFF, AKPU RD BY OVOM",Abia,Nigeria,Africa
430,"NEW UMUAHIA, RD, AGBOR HILL","NEW UMUAHIA, #14B, NEW UMUAHIA, RD OGBOHILL ABA",Abia,Nigeria,Africa
431,OLD EXPRESS,"OLD EXPRESS, #252 OLD EXPRESS, BY URATTA ABA",Abia,Nigeria,Africa
432,ARIARA,"ARIARIA, #269 FAULKS RD BY, ARIARIA JUNCTION ABA",Abia,Nigeria,Africa
433,AZUMINI,"AZUMINI, AGHANIRU WOMEN, HALL, UKWA EAST",Abia,Nigeria,Africa
434,OBEHIE,OBEHIE CENTRAL SCHOOL,Abia,Nigeria,Africa
435,UMULE,"UMULE, #69 UMULE ROAD ABA",Abia,Nigeria,Africa
436,ABIRIBA,"BOURDEX FARM ROAD, ABIRIBA",Abia,Nigeria,Africa
437,DIVINE,"DIVINE FAVOUR HALL, 8 old express",Abia,Nigeria,Africa
438,"ABIRIBA-2, AGBAJA NKPORO",,Abia,Nigeria,Africa
439,ABAK,"67 HOSPITAL ROAD, ADJACENT TO UNION BANK, ABAK.",Akwa Ibom,Nigeria,Africa
440,ABAK ROAD,"SALVATION MINISTRIES, NEAR FLYOVER, ABAK ROAD, OBIO OFFOT UYO.",Akwa Ibom,Nigeria,Africa
441,AFAHA NSIT,"CLOSE TO WATERBOARD STATION, AFAHA NSIT, NSIT IBOM LGA, AKS",Akwa Ibom,Nigeria,Africa
442,AFAHA OFFIONG,"#1 CIVIC CENTRE ROAD, AFAHA OFFIONG, NSIT, IBOM.",Akwa Ibom,Nigeria,Africa
443,IKOT ASURUA,"241 ABA RD, IKOT OSURUA. IKOT EKPENE, AKS",Akwa Ibom,Nigeria,Africa
444,CALABAR ITU,"# 26 CALABAR ITU HIGH WAY, ITAM UYO.",Akwa Ibom,Nigeria,Africa
445,EWET HOUSING,"78 BENNETT BASSEY, C-LINE EWET HOUSING ESTATE, OPP. KILIMAJARO, ORON ROAD, UYO.",Akwa Ibom,Nigeria,Africa
446,ETINAN,"#13. UMOH ETUK UDOH STREET, OPPOSITE ETINAN MARKET. ETINAN.",Akwa Ibom,Nigeria,Africa
447,ETE-IKOT ABASI,"ETE BY METHODIST, CENTRAL SCHOOL, ETE, TOWN.",Akwa Ibom,Nigeria,Africa
448,FOUR LANE,"GRACE AND MERCY HOUSE, #135A EDET AKPAN AVENUE (4 LANE) UYO.",Akwa Ibom,Nigeria,Africa
449,IDORO RD,"DORO EXPRESS ROAD, BESIDE CRYSTAL FILLING STATION, UYO.",Akwa Ibom,Nigeria,Africa
450,IDORO 2,"41 IDORO ROAD, ADJACENT ROAD SAFETY OFFICE, UYO.",Akwa Ibom,Nigeria,Africa
451,IBAKA,"6, BASSEY ETIFIT, STREET, BEHIND NAVY, CHECK POINT, IBAKA",Akwa Ibom,Nigeria,Africa
452,IKOT-AKPADEN,"AKPANDEN JUNCTION, MKPAT ENIN L.G.A",Akwa Ibom,Nigeria,Africa
453,IKOT-EKPENE,NO 10B NIGER STREET IKOT EKPENE,Akwa Ibom,Nigeria,Africa
454,NTO OTONG,"NTO-OTONG MIDIM ABAK, ALONG ETIM EKPO ROAD, AKS",Akwa Ibom,Nigeria,Africa
455,IKONO,"CLUB 999 ETIM-EDIENE, IKONO, AKWA IBOM STATE",Akwa Ibom,Nigeria,Africa
456,IKPA ROAD,"# 47 IKPA RD, BESIDES, UNIUYO ANNEX GATE, UYO",Akwa Ibom,Nigeria,Africa
457,ITAK,"ITAK BY KRIS-B LOUNGE, AKS.",Akwa Ibom,Nigeria,Africa
458,MBIEREBE,"178 MBIEREBE OBIO, AFTER MBIEREBE MARKET AKA ETINAN ROAD.UYO",Akwa Ibom,Nigeria,Africa
459,NWANIBA RD,"277 NWANIBA RD, UYO.",Akwa Ibom,Nigeria,Africa
460,NDIYA,"DE- BROWNSON PLAZA, NDIYA, NSIT UBIUM",Akwa Ibom,Nigeria,Africa
461,OKOBO,"OKOPEDI OKOBO UYO, ROAD, OKOBO.",Akwa Ibom,Nigeria,Africa
462,ORON,"308 ORON ROAD OPPOSITE NEPA OFFICE, ORON",Akwa Ibom,Nigeria,Africa
463,"ORON RD, UYO","#223 ORON ROAD, UYO. (BY TIMBER JUNCTION).",Akwa Ibom,Nigeria,Africa
464,UKANAFUN,"#13 EKPARAKWA ROAD, UKANAFUN. UKANAFUN",Akwa Ibom,Nigeria,Africa
465,OBOT IDIM,"#112, AKA NUNG UDOE ROAD, BEFORE OBIT IDIM JUNCTION, UYO, AKS",Akwa Ibom,Nigeria,Africa
466,"UDOTONG, UYO (HD QTRS)","#9 UDOTUNG UBO STR, OFF AKA ROAD, UYO",Akwa Ibom,Nigeria,Africa
467,INI,"IKPE IKOT UKON INI LOCAL GOVERNMENT AREA, AKS",Akwa Ibom,Nigeria,Africa
468,ABAK RD 2,"121 ABAK RD BY, UKANAFFOT TRAFFIC LIGHT, UYO",Akwa Ibom,Nigeria,Africa
469,IKOT EKPENE RD,"1 UDOBIO STREET, OFF IKOT EKPENE RD, BY, KILIMANJARO, UYO.",Akwa Ibom,Nigeria,Africa
470,ATA UDOSUNG,"ATA UDOSUNG, IKOT ABASI, UYO, AKWA IBOM STATE.",Akwa Ibom,Nigeria,Africa
471,PLAZA ABAK RD,"ABAK ROAD BY PLAZA, IKOT EKPENE.",Akwa Ibom,Nigeria,Africa
472,EKABAM NSUKARA,,Akwa Ibom,Nigeria,Africa
473,ONNA,,Akwa Ibom,Nigeria,Africa
474,EKOM IMAN,,Akwa Ibom,Nigeria,Africa
475,OBOT AKARA,,Akwa Ibom,Nigeria,Africa
477,EKET ORON RD,"# 7 AFAHA ATIA ROAD, OFF EKET ORON ROAD, EKET",Akwa Ibom,Nigeria,Africa
478,GRACE BILL EKET-HQ,,Akwa Ibom,Nigeria,Africa
479,EKET IDIAM,"#7 AYAYAK STREET, OFF IDUA, EKET",Akwa Ibom,Nigeria,Africa
480,EKET MARINA,"#10 MARINA RD, EKET",Akwa Ibom,Nigeria,Africa
481,IBENO,"#1 TERMINAL ROAD, IBENO, OPP EXXONMOBIL, IBENO",Akwa Ibom,Nigeria,Africa
482,IKOT OKON RD,"KM 4, EKET-ETINA ROAD, IKOT OKUDOMO OKON, TOWN HALL, BESIDE TIPPER WORKSHOP",Akwa Ibom,Nigeria,Africa
483,IKOT UDOTA,"IKOT UDOTA ROAD BY, HERITAGE POLYTECHNIC, EKET.",Akwa Ibom,Nigeria,Africa
484,EKPRI NSUKARA,,Akwa Ibom,Nigeria,Africa
485,TEMP SITEAWKA,"AWKA BRANCH, DESTINY POT’S FAST FOOD NO 13 OBY-OKOLI AVENUE UNIZIK TEMP SITE AWKA",Anambra,Nigeria,Africa
486,OBOSI,"OBOSI BRANCH, 1, ALONG MIKE AJEGBO, ROAD, OBOSI MICRO FINANCE, BANK BUILDIND OBOSI",Anambra,Nigeria,Africa
487,IHIALA,"IHIALA BRANCH, PAAP PLAZA OPPOSITE, EZIANI, PRIMARY SCHOOL ALONG ORLU ROAD IHIALA",Anambra,Nigeria,Africa
488,"ONITSHA UPPER IWEKA, NEW AMAERICA (HQ)","ANAMBRA STATE HEADQUARTERS, NO 18, NEW AMERICAN QUARTERS ONITSHA ANAMBRA STATE",Anambra,Nigeria,Africa
489,"NNEWI 1, LUCO","BRANCH 2, LUCO PLAZA BESIDE ANAEDO HALL OTOLO NNEWI",Anambra,Nigeria,Africa
490,"NNEWI 2, OLD ONITSHA ROAD","NNEWI BRANCH, NO 69 OLD ONITSHA ROAD, ESIDE NAU TEACHING, HOSPITAL NNEWI",Anambra,Nigeria,Africa
491,NNWEI 3,"No 37 Odume Lay out, Ugwumba Junction Nkpor",Anambra,Nigeria,Africa
492,"NNEWI 4, NNOBI","NNOBI, ALONG, NNOBI/NKPOR ROAD, AFTER UMUAGU JUNCTION NNOBI",Anambra,Nigeria,Africa
493,NDIKELIONWU,"NDIKELIONWU, BESIDE NDIKELIONWU, TOWN HALL, OPPOSITE, WHITE HOUSE, EKWULOBI A-OKO-UMUNZE ROAD, NDIKELIONWU",Anambra,Nigeria,Africa
494,"OWERRI RD, ONITSHA",OWERRI ONITSHA ROAD,Anambra,Nigeria,Africa
495,"IFITE, AWKA BRANCH","#295 IFITE ROAD, RUBEZ VILLA JUNCTION IFITE AWKA",Anambra,Nigeria,Africa
496,ICHI,"BESIDES ICHI, TECHNICAL SECONDARY SCHOOL OFF OLD, ONITSHA ROAD, ANAMBRA STATE",Anambra,Nigeria,Africa
497,OGBUNIKE,"DIVINE HERITAGE, PLAZA, OPP ONWA, JUNCTION OGBUNIKE, OGIDI",Anambra,Nigeria,Africa
498,AWADA,"#17 CC MUOGBO, STREET, ODUME OBOSI, THE TOWN UNION, HALL, RAINBOWNET BACK OF ARMY, BARRACK",Anambra,Nigeria,Africa
499,OBA,"CHIBON JUNCTION, BESIDE CHIBON HOTEL OBA",Anambra,Nigeria,Africa
500,LOW COST HOUSE,No.14 Zaranda street Jimeta Yola,Adamawa,Nigeria,Africa
501,MUBI,,Adamawa,Nigeria,Africa
502,NUMAN,"GWEDA-MALLAM, BEHIND MAYASIN FILLING STATION, NUMAN",Adamawa,Nigeria,Africa
503,BAUCHI,"RAFIN-ZURFI, BENCO JUNCTION, BAUCHI",Bauchi,Nigeria,Africa
504,SALAMA-1 YELWAN KUSU,"SALAMA-1, YELWAN KUSU",Bauchi,Nigeria,Africa
505,TAFAWA BELEWA,"BASE 10, SABO PLAZA, TAFAWA, BELEWA.",Bauchi,Nigeria,Africa
506,IMGBI,"IMGBI:18IMGBIROAD, , AMARATA",Bayelsa,Nigeria,Africa
507,EDEPIE,"EDEPIE: MELFORD OKILO, EXPRESSWAY, EDEPIE.",Bayelsa,Nigeria,Africa
508,KPANSIA,"ZIONHILL:ISAAC BORO EXPRESSWAY, BY OTIOTIO JUNCTION.",Bayelsa,Nigeria,Africa
509,AMASSOMA,"AMASSOMA: #4 NDU ROAD, BY NDU MAINGATE",Bayelsa,Nigeria,Africa
510,AZIKORO,"AZIKORO: SALVATION DRIVE, AZIKORO TOWN",Bayelsa,Nigeria,Africa
511,NEMBE,"NEMBE:UBE PRIMARY SCHOOL HALL, TOMBI",Bayelsa,Nigeria,Africa
512,OKAKA,"OKAKA: LAKEVIEW COMPLEX, OKAKA",Bayelsa,Nigeria,Africa
513,IGBOGENE,"IGBOGENE: ACHIEVERS FARM, IGBOGENE.",Bayelsa,Nigeria,Africa
514,MBIAMA,"MBIAMA: NEW LIFE PLAZA, OPPOSITE J.K JUNCTION",Bayelsa,Nigeria,Africa
515,OBUNAGHA,OBUNAGHA: LNG ROAD BY FIDO WATER,Bayelsa,Nigeria,Africa
516,KAIAMA,"KAIAMA: ZUOFA’S RESIDENCE, FORU-WARI, OLOBIRI COMPOUND",Bayelsa,Nigeria,Africa
517,ODI,"ODI: IBIMO HALL, OGBOLOMA, COMPOUND",Bayelsa,Nigeria,Africa
518,OPU-NEMBE,"OPU-NEMBE: SILVA OPUALA, CHARLES ROAD, SANDFIELD",Bayelsa,Nigeria,Africa
519,HARBOUR ROAD,"HABOUR ROAD: BY SHELL RAMP, DOWN YENAGOA",Bayelsa,Nigeria,Africa
520,OTUOKE,"OTUOKE: QUEENS GATE, APARTMENT, P.A. ESTATE.",Bayelsa,Nigeria,Africa
521,SAGBAMA,"SAGBAMA: TIMI PLAZA BESIDE, GENERAL HOSPITAL, MILE2",Bayelsa,Nigeria,Africa
522,OKUTUKUTU,OKUTUKUTU: AMASOAMA ROAD,Bayelsa,Nigeria,Africa
523,OTUASEGA,OTUASEGA: BESIDE RAYGANA GUEST HOUSE,Bayelsa,Nigeria,Africa
524,OGBIA,OGBIA: BEFORE GOVERNMENT JETTY,Bayelsa,Nigeria,Africa
525,SABAGREIA,"SABAGREIA: NO.4 AYAMABIRI, COMPOUND",Bayelsa,Nigeria,Africa
526,OMPADEC,OMPADEC: BESIDE OMPADEC SCH.,Bayelsa,Nigeria,Africa
527,OBOGORO,"OBOGORO: SHOPRITE, SUPERMARKET, ALONG ANYAMA ROAD, OGOGORO",Bayelsa,Nigeria,Africa
528,AGBURA,"AGBURA: MUNA STREET, ALONG AZIKORO/ AGBURA ROAD",Bayelsa,Nigeria,Africa
529,AGRISABA,"AGRISABA: STELLA OTIOTIO’S, RESIDENCE",Bayelsa,Nigeria,Africa
530,TWON BRASS,TWON BRASS: CAMEROON-AMA,Bayelsa,Nigeria,Africa
531,TORU ORUA,TORUORUA: CIVIC CENTRE,Bayelsa,Nigeria,Africa
532,AKENFA,"AKENFA: OPP. SOBAZ FILLING, STATION",Bayelsa,Nigeria,Africa
533,OPOLO,OPOLO: OPP. MARKET SQUARE,Bayelsa,Nigeria,Africa
534,YENEGWE,"YENEGWE: DIVINE SCHOOL ROAD, BY AGOFA FILLING STATION",Bayelsa,Nigeria,Africa
535,IMIRIGI,IMIRINGI: BESIDE U.B.E PRI.SCH,Bayelsa,Nigeria,Africa
536,OGOLOMA,OGBOLOMA: SALVATION MINISTRIESGBARAIN KINGDOM,Bayelsa,Nigeria,Africa
537,ELEBELE,"ELEBELE: ALONG ELEBELE EMEYAL, FORMER JAMSCO",Bayelsa,Nigeria,Africa
538,BEBELEBIRI,BEBELEBIRI2: BESIDE MTN MAST,Bayelsa,Nigeria,Africa
539,OKOROBA,"OKOROBA: BESIDE COUTAGE, HOSPITAL",Bayelsa,Nigeria,Africa
540,EWOI,"EWOI: EWOIROAD, EWOI",Bayelsa,Nigeria,Africa
541,TOMBIA,TOMBIA: SCHOOL OF NURSING ROAD,Bayelsa,Nigeria,Africa
542,OTUOKPOTI,OTUOKPOTI: OPP.CHISPY GUEST HOUSE,Bayelsa,Nigeria,Africa
543,ADAGBABIRI,ADAGBABIRI: OGBENBIRI QUATERS,Bayelsa,Nigeria,Africa
544,NEMBE CREEK,NEMBECERRK: NEMBE,Bayelsa,Nigeria,Africa
545,IGBOMOTORU 2,IGBOMOTORU2: SOUTHERN IJAW,Bayelsa,Nigeria,Africa
546,EKEREMOR,EKEREMOR: EKEREMO TOWN,Bayelsa,Nigeria,Africa
547,ALEIBIRI,ALEIBIRI: ALEIBIRI TOWN,Bayelsa,Nigeria,Africa
548,KOLO,KOLO: KOLO TOWN,Bayelsa,Nigeria,Africa
549,AGUDAMA,"AGUDAMA-EPIE: POWEL PLAZA, #1, DR. PARKINSON MARK MANUEL STREET",Bayelsa,Nigeria,Africa
550,OGU,OGU: ABRIMA COMPOUND OGU COMMUNITY,Bayelsa,Nigeria,Africa
551,TROFANI,TROFANI: FORMER AMA-PERE’S PALACE,Bayelsa,Nigeria,Africa
552,OKPOAMA BRASS,,Bayelsa,Nigeria,Africa
553,FANGBE (NEW),"FAMGBE: NPN OGBARA QUARTERS OPP., FAMGBE SECONDARY SCHOOL",Bayelsa,Nigeria,Africa
554,ETEGWE,"ETEGWE: NO.1 BUILDERS ROAD AVENUE, ETEGWE, ALONG NEW, COMMISSIONERS, QUARTERS RD. OPOLO.",Bayelsa,Nigeria,Africa
555,TALBOT,"TALBOTS HOUSE SANAH1 QUATRERS, PERETORUGBENE, EKEREMOR",Bayelsa,Nigeria,Africa
556,EKOWE,"JACOB COURT IPAINPOLO, COMPOUND, EKOWE.",Bayelsa,Nigeria,Africa
557,ENGENNNIAHOADA,"ABOYE COMPOUND NO.7 MARKET ROAD, OKARKI, ENGENNI AHOADA-WEST LGA, RIVERSTATE",Bayelsa,Nigeria,Africa
558,AZUZU AMA KINGDOM,"DABA’S COMPOUND AZUZU AMA KINGDOM, SILGA, BAYELSASTATE.",Bayelsa,Nigeria,Africa
559,EDAGBERI,"EDAGBERI BETTER LAND, COMMUNITY, ALONG BETTER LAND ROAD JK4, AHOADA WEST LGA, RIVERS STATE.",Bayelsa,Nigeria,Africa
560,SAMPOU,"OKORO PRIMARY BUILDING, SAMPOU COMMUNITY, KOLGA, BAYELSA STATE.",Bayelsa,Nigeria,Africa
561,OLOGOAMA,"OGOLOAMA OUT-OKOROMA, OKOROAMA CLAN NEMBE LGA",Bayelsa,Nigeria,Africa
562,AKENFA 2,#1 OLD MKT/LOCATION OFF GLORY DRIVE,Bayelsa,Nigeria,Africa
563,"IYORCHIA, WURUKUM","GEORGE SOMIARI, 08037909951, PST JUSTINE, 07068681449, 39 Iyorchia Ayu road.Wurukum, Makurdi",Benue,Nigeria,Africa
564,UNIAGRIC,"PST PRINCE DAVID, 09165592535, PST. IJIGA JOSEPH EBENEZER 08119875448, Opp. Paradise Hostel Southcore, Makurdi",Benue,Nigeria,Africa
565,"GYADO, GBOKO","CHUKWUEMEKA EKEH, 09038732464, BRO. GIDEON ICHOL, 09012802588, BRO ZACHARIA IKPAJOV, 08165811268, Gyado junction Gboko",Benue,Nigeria,Africa
566,"FEMAS, OTUKPO","PST GOVERNOR AKUJURU DAVID, 08133048092, ONYEDINEFU FAVOUR, ONYEDIKACHI, 09067730943, PST DANIEL OJILA, 07065373053, New heaven Otukpo, behind (David Mark's house)",Benue,Nigeria,Africa
567,WELFARE QUARTERS,"PST JOSHUA OGAZIE, 08130715139, BRO CHINEDU, 09131832216, Welfare Quarters beside Suswan farm Makurdi",Benue,Nigeria,Africa
568,YINA,"PST ORYA, 0738068534, PST AMOS, 08132658403, Yina Junction opp.GOTV Mass, Makurdi",Benue,Nigeria,Africa
569,MAIDUGURI," #39B ABUJA STREET, SHAGARI LOW COST A, MAIDUGURI, BORNO, STATE",Borno,Nigeria,Africa
570,"COLLEGE PARK, MARY LAND","GREENBELT ROAD, COLLEGE PARK MARYLAND 20740 STE200",Maryland,United States,North America
571,"WINDSOR MILL, MARY LAND","2520 LORD BALTIMORE DRIVE, MARYLAND, 21244, TH",Maryland,United States,North America
572,"ERIE, PENNSYLVANIA","2249 WEST 38STREET, ERIE PA, 16506",Pennsylvania,United States,North America
573,"RICHMOND, TEXAS","1819 FIRST OAKS ST, RICHMOND TX, 77406",Texas,United States,North America
574,"BIRMINGHAM, ALABAMA","1225 EAST LAKE BLVD. BIRMINGHAM, AL, 35217",Alabama,United States,North America
575,"ROMFORM, LONDON, ENGLAND","UNIT 5&6 FIRST FLOOR, 248 LONDON ROAD, ROMFORD, RM7 9EL",England (Greater London area),United Kingdom,Europe
576,"ABERDEEN, SCOTLAND","#46 PALMERSTON ROAD, ABERDEEN, SCOTLAND AB11 5NQ",Scotland,United Kingdom,Europe
577,"MISSISSAUGA, CANADA","5560 KENNEDY, ONTARIO L4Z 2A9, CANADA",Ontario,Canada,North America
578,"CROYDON, UK","FIRST FLOOR 145-151, LONDON ROAD, CROYDON, CRO 2RG",England (Greater London area),United Kingdom,Europe
579,CYPRUS,,CYPRUS,CYPRUS,Europe
580,GENEVA,"HOTEL N’VY RUE DE, RICHEMONT 18, RUE DE RICHMOND",Geneva,Switzerland,Europe
581,DUBAI,"UNIT 505, SHAIKHA, MARIAM BUILDING, P114, MANIYAS, DEIRA, DUBAI",Dubai,United Arab Emirates,Asia
582,CHINA,"GUOTAI, INTERNATIONAL TRADE CITY, #27 GUANGYUAN WEST ROAD, YUEXIU, DISTRICT, GUANGZHOUI., 3RD FLOOR #3217",Guangzhou,China,Asia
583,"SPINTEX, ACCRA","OPPOSITE TEXPO MARKET, SPINTEX ROAD, ACCRA, GHANA",Greater Accra,Ghana,Africa
584,"NUNGUA, ACCRA, GHANA","OPPOSITE ADB BANK, NUNGUA MARKET, NUNGUA, ACCRA, GHANA",Greater Accra,Ghana,Africa
585,"KUMASI, ASHANTI, REGION","BESIDE SHELL FILLING STATION, KROFROM ROAD, AIRPORT ROUND ABOUT, DECHEMSCO KUMASI, ASHANTI, REGION, GHANA",Ashanti Region,Ghana,Africa
586,TEMA,"BESIDE TOTAL FILLING STATION, PEDU JUNCTION, CAPE COAST, CENTRAL REGION, GHANA",Central Region,Ghana,Africa
587,"TAKORADI, WESTERN REGION","#55 LAGOS TOWN MARKET OPPSITE GOOD BRAND PHAMARCY, TAKORADI, WESTERN REGION, GHANA",Western Region,Ghana,Africa
588,"TABORA-LAPAZ, ACCRA GHANA","NEW JERUSALEM SCHOOL, TABORA LAPAZ, LAPAZ, ACCRA, GHANA, NEW JERUSALEM SCHOOL, TABORA LAPAZ, LAPAZ, ACCRA, GHANA",Greater Accra,Ghana,Africa
589,DEGAKON,"Besides Ewell Filling Station, Cotonou, Benin Republic, Besides Ewell Filling Station, Cotonou, Benin Republic",Littoral Department (Cotonou area),Benin,Africa
590,PORT NOVO,"Opp Celtis Cotonou, Benin Republic, Opp Celtis Cotonou, Benin Republic",Littoral / Ouémé Department (Porto-Novo area),Benin,Africa
591,LIMBE,"BEHIND EZE1, ISOKOLO, LIMBE SOUTH WEST, CAMEROON",South West Region,Cameroon,Africa
592,DUALLA,"OPP ECO BANK, QUARTRE ETAGE JUNCTION, BAMBUTUS STREET, BONABERI DOULA, CAMEROON",Littoral Region (Douala area),Cameroon,Africa
593,HAWARA PLAZA,"JARAWA PLAZA, WESTFIELD, KANIFING, MUNICIPAL COUNCIL, THE GAMBIA",Kanifing Municipal Council,Gambia,Africa
594,AKAMKPA,"AKAMKPA BRANCH: CALABAR/ IKOM HIGHWAY OPPOSITE, FIRST BANK AKAMKPA, AKAMKPA BRANCH: CALABAR/ IKOM HIGHWAY OPPOSITE, FIRST BANK AKAMKPA",Cross River,Nigeria,Africa
595,ATU,"ATU BRANCH:N0.50 WEBBER/ATU STREET, CALABAR SOUTH, ATU BRANCH:N0.50 WEBBER/ATU STREET, CALABAR SOUTH",Cross River,Nigeria,Africa
596,ATAMONU 1,"ATAMUNU BRANCH1: N0. 81, ATAMUNU, STREET, CALABAR SOUTH., ATAMUNU BRANCH1: N0. 81, ATAMUNU, STREET, CALABAR SOUTH.",Cross River,Nigeria,Africa
597,ATAMONU 2,"ATAMUNU BRANCH2: N0.2, ATAMUNU, LANE CALABAR SOUTH., ATAMUNU BRANCH2: N0.2, ATAMUNU, LANE CALABAR SOUTH.",Cross River,Nigeria,Africa
598,EBOM,"BOM BRANCH: HALL 5, PCN, PRIMARY SCHOOL, EBOM TOW",Cross River,Nigeria,Africa
599,ETTA AGBOR,"ETTA AGBOR BRANCH:, PLOT 206 ETTA AGBOR LAYOUT, HALL 2 RD OFF ETTA AGBOR RD, CALABAR",Cross River,Nigeria,Africa
600,EDIBA,"EDIBA BRANCH: BARACK ROAD OPP HEALTH CARE CENTER, EDIBA.",Cross River,Nigeria,Africa
601,EKORI,"EKORI BRANCH:, AKUGOM- EBE, TOWN HALL EPENTI EKORI",Cross River,Nigeria,Africa
602,FEDERAL HOUSING,"FEDERAL HOUSING BRANCH:, PLOT 14 BLOCK 8 PHASE 2, FEDERAL HOUSING ESTATE.",Cross River,Nigeria,Africa
603,"HIGHWAY, CALABAR","HIGHWAY BRANCH: N0.26 MURTALA MUHAMMAD, HIGH WAY.",Cross River,Nigeria,Africa
604,IKOM,"IKOM BRANCH: EBUSAN HOTEL, BANQUET HALL, AGRIC ROAD, IKOM CROSS RIVER.",Cross River,Nigeria,Africa
605,IKOT ANSA,"IKOT ANSA BRANCH N0. 14 JOSEPH MKPANG STREET, IKOT ANSA.",Cross River,Nigeria,Africa
606,MAYNE (ETOI),"ETOI BRANCH:NO9/11 ETOI STREET, OPPOSITE DSTV GOLDIE.",Cross River,Nigeria,Africa
607,MOUNT ZION,"MOUNT ZION BRANCH: N0.16 DANIEL HOGAN STREET, CALABAR SOUTH.",Cross River,Nigeria,Africa
608,NYANGHASANG,"NYANGHASAN BRANCH:N0 5 EDEM OKON STREET, NYANGHASAN.",Cross River,Nigeria,Africa
609,OBUBRA 1,"OBUBRA BRANCH 1:N0.13 MARKET JUNC, ONYEN OKPON VILLA OBUBRA",Cross River,Nigeria,Africa
610,OGOJA,"OGOJA BRANCH.N0.21 MBUBE ROAD, OPPOSITE NEW NYANYA MOTOR PARK, ABAKPA, OGOJA.",Cross River,Nigeria,Africa
611,OTOP ABASI,OTOP ABASI BRANCH. N0 6A OTOP ABASI STREET CALABAR.,Cross River,Nigeria,Africa
612,UGEP 1,"UGEP BRANCH 1 PLOT 23, 0FF, ELETANG STREET, MAJOR WINTER’S VILLA EGBIZUM, UGEP.",Cross River,Nigeria,Africa
613,UGEP 2,"UGEP BRANCH 2 N0.6 IKOM CALABAR HIGHWAY, NTANKPO, UGEP.",Cross River,Nigeria,Africa
614,UGEP 3,"UGEP BRANCH 3:N0.1 OKOI IKONA STREET, LETEKOM IJMAN, UGEP.",Cross River,Nigeria,Africa
615,ODUKPANI,"ODUKPANI BRANCH: N0.1 SPRING ROAD BY NYSC JUNCTION, ODUKPANI, QUA TOWN.",Cross River,Nigeria,Africa
616,AKPABUYO,"AKPABUYO BRANCH:CROSPIL, JUNCTION BY CROSPIL ESTATE ROAD, AKPABUYO",Cross River,Nigeria,Africa
617,OBUDU,"OBUDU BRANCH:N0.72 OGOJA ROAD, OBUDU.",Cross River,Nigeria,Africa
618,EKPO ABASI,"EKPO ABASI BRANCH: N0.13B EKPO ABASI STREET, TRUE DIAMOND, EVENT HALL, CALABAR",Cross River,Nigeria,Africa
619,USUMUTONG,"USUMUTONG BRANCH: FORMER CUSTOMARY COURT HALL, ENO KPORE VILLA, USUMUTONG",Cross River,Nigeria,Africa
620,"EKORINIM, HQ","EKORINIM BRANCH: PLOT 384, INDUSTRIAL LAYOUT, CALABA",Cross River,Nigeria,Africa
621,OBUBRA 2,"OBUBRA BRANCH2: IMOKE HALL OPPOSITE OVONUM ELECTRICITY, TRANSFORMER OBUBRA.",Cross River,Nigeria,Africa
622,BAKASSi,"BAKASI BRANCH:, GIVER'S INTERNATIONAL SCHOOL BAKASI",Cross River,Nigeria,Africa
623,#303 MMHW,"303 MURTAL MUHAMMAD HIGH WAY, BY WALT OVER JUNCTION 8- MILES.",Cross River,Nigeria,Africa
624,"WOMEN DEV, OBUBRA-2","WOMEN DEVELOPMENT CENTRE ADJACENT FIRST BANK, MILE 1, OBUBRA URBAN",Cross River,Nigeria,Africa
625,OKANGHA NKPANSI,"OKANGHA NKPANSI, NEW, NEW, MR PHILIP E. COMPOUND, OKANGHA NKPANSI IKOM, MR PHILIP E. COMPOUND, OKANGHA NKPANSI IKOM, MR PHILIP E. COMPOUND, OKANGHA NKPANSI IKOM",Cross River,Nigeria,Africa
626,223.,"AIRPORT RD, AIRPORT RD, , , DANDANI EVENT, CENTER #128, AIRPORT ROAD",Delta,Nigeria,Africa
627,224.,"AJAMIMOGHA, AJAMIMOGHA, , , #55 AJAMIMOGHA RD, WARRI",Delta,Nigeria,Africa
628,225.,"AGBARHO, AGBARHO, , , #6 EWHERHE RD BY MODERN PRY SCH",Delta,Nigeria,Africa
629,226.,"AGBARHO OTOR, AGBARHO OTOR, , , #6 OKOSE STREET, OFF, AGBARHA/EMEVO, RD, AGBARHA-OTOR",Delta,Nigeria,Africa
630,227.,"ABRAKA 1, ABRAKA 1, , , FORMER DOUBLE, DELIGHT FAST FOOD BY FSP JUNCTION",Delta,Nigeria,Africa
631,228.,"ABRAKA 2, ABRAKA 2, , , #204 OLD, ABRAKA/AGBOR RD, BESIDES WIMA, CLINIC, OKORHIRHE",Delta,Nigeria,Africa
632,229.,"AMEKPE (UGHELLI3), AMEKPE (UGHELLI3), , , EDAFE EVENT, CENTER, END OF, OCHUKO LANE, 1ST, AMEKPE",Delta,Nigeria,Africa
633,230.,"BOMADI, BOMADI, , , ORDELE EVENTS, HALL, GRA BOMADI, OPP LG CHAIRMAN",Delta,Nigeria,Africa
634,231.,"ENERHEN HQ, ENERHEN HQ, , , #11 WARRI/SAPELE RD, BY ENERHEN, JUNC",Delta,Nigeria,Africa
635,232.,"ENHWE, ENHWE, , , EFE-OMOVUDU, EVENT CENTER, BESIDES ULEWE, QUARTER",Delta,Nigeria,Africa
636,233.,"EKPAN, EKPAN, , , #3 NIGER CAT LINK, RD, OFF REFINERY, RD, AND NEPA, EXPRESSWAY, BEHIND CHICKEN REP",Delta,Nigeria,Africa
637,234.,"EKU, EKU, , , OLD AGBOR, SAPELE RD, BY STAFF, QUARTERS, OPP, SULEMAN POULTRY, EKU",Delta,Nigeria,Africa
638,EMEVOR,"#6 OKOSE STREET, OFF, AGBARHA/EMEVO, ROAD",Delta,Nigeria,Africa
639,IRRI,#39 MISSIONS ROAD,Delta,Nigeria,Africa
640,JAKPA,"#2 EDU STREET, OFF JAKPA ROAD",Delta,Nigeria,Africa
641,JIBALE,"FORMER JITOS, HOTEL OPP JIBALE, MKT, ORUWHORUN",Delta,Nigeria,Africa
642,KWALE,"ADEGE STREET, BESIDES BENVO, TWINS HOTEL OFF, ASABA EXPRESS RD",Delta,Nigeria,Africa
643,OBIAROKO,"EDEM ONAH EVENT CENTER ALONG, ABRAKA/OBIARUKU EXPRESS ROAD",Delta,Nigeria,Africa
644,OTOR UDU,"EVWOR QUARTERS, HALL",Delta,Nigeria,Africa
645,MOFOR,"#191 DSC EXPRESS, WAY OPP EKETE, INLAND JUNCTION",Delta,Nigeria,Africa
646,OLEH,"#3 NEW EMEDE RD, BY YANGA MKT, OLEH",Delta,Nigeria,Africa
647,OLOMORO,,Delta,Nigeria,Africa
648,OZORO,"PARADISE HOTEL, BEHIND ZOUKUMOR PRIMARY SCHOOL",Delta,Nigeria,Africa
649,OWHELOGBO,#86 HOSPITAL RD,Delta,Nigeria,Africa
650,PATANI,"LOCAL, GOVERNMENT, COUNCIL, CONFERENCE HALL, EKISE PATANI.",Delta,Nigeria,Africa
651,SAPELE 1,"COMM RD, OPP, OKIRIGWHE, COMM HALL, , SAPELE",Delta,Nigeria,Africa
652,SAPELE 2,"#1 EWETA LANE OPP PJ GOLDEN HOTEL, GANA",Delta,Nigeria,Africa
653,ABRAKA 3,"POLICE STATION RD, BY LUCAS JUNCTION",Delta,Nigeria,Africa
654,UGHELLI 1,"#1 ERUOBOGA STR, BESIDE TOTAL CHILD SCH, AKPODIETE",Delta,Nigeria,Africa
655,UGHELLI 2,"#120 ISOKO RD, BY, NNPC ROUND ABOUT",Delta,Nigeria,Africa
656,UGBOLOKPOSO,#68 HOSPITAL ROAD,Delta,Nigeria,Africa
657,JEDDO,"OBATTERN PLACE, JEDDO-UGOTON RD, AFTER AIRFORCE, MESS",Delta,Nigeria,Africa
658,EKREJEBOR,"QUESSEBEST HOTEL, #70 EKREJEBOR RD",Delta,Nigeria,Africa
659,ARUMALA,"#27 ARUMALA STR, JESUS DAUGHTER, EVENT CENTER, ST",Delta,Nigeria,Africa
660,EKREJEBOR-2,"1PIPELINE BEHIND ATMOSPHERE SEC, SCH",Delta,Nigeria,Africa
661,OKOLOR,"OKOLOR COMM, TOWN HALL, OKOLOR WATERSIDE",Delta,Nigeria,Africa
662,ASABA DISTRICT,,Delta,Nigeria,Africa
663,ASABA,"KM7 ASABA/BENIN, EXPRESSWAY, BESIDES FORMER, DEPUTY ASABA.",Delta,Nigeria,Africa
664,BURUTU,"BURUTU CEMENT, PLAZA DRIVE, INFANT JESUS RD",Delta,Nigeria,Africa
665,OKPANAM 1,VANGUARD AVENUE OPP ASABA AIRPORT,Delta,Nigeria,Africa
666,OKPANAM 2,OMA CO-OPERATIVE EVENT CENTER,Delta,Nigeria,Africa
667,AGBOR-1,"#12 ODIM STR, BY, CALVARY GROUP, SCH, BOJI",Delta,Nigeria,Africa
668,CABLE,"ANGELIC PLAZA #76 NNEBISI RD, CABLE, POINT",Delta,Nigeria,Africa
669,IBUSA,"EZE-IHEGE HALL, UMUOZOMA, QUARTERS, OPP, UMUION BANK",Delta,Nigeria,Africa
670,BEHIND STADIUM,"#13 OBI STR, BEHIND STEPHEN KESHI, STADIUM",Delta,Nigeria,Africa
671,AGBOR 2,"#49 EKUJOMA RD, UMUNEDE",Delta,Nigeria,Africa
672,ODUKE (NEW),"#38 GOOD, SHEPHERD JUNC., ODUKE COMM",Delta,Nigeria,Africa
673,OKWE,"#1 ABC CHIEF, IYASELE STR, BY, POLICE POST",Delta,Nigeria,Africa
674,OKWE 2,"NDUKA PLAZA, OKWE",Delta,Nigeria,Africa
675,ALIOKPU,"OLD SAPOBA RD, BY GENERAL LUCKY, IRABOR JUNC, IKA, SOUTH, AGBOR",Delta,Nigeria,Africa
676,"ABAKALIKI, KPIRI KPIRI, HQ","#101 OLD ENUGU RD, ABAKALIKI",Ebonyi,Nigeria,Africa
677,ABAKALIKI-HILLTOP ROAD,"#40 HILTOP ROAD, OPPOSITE TANKER, GARAGE, OFF WATER, WORKS, ABAKALIKI, EBONYI STATE",Ebonyi,Nigeria,Africa
678,ABATETE-OGOJA ROAD,"ABATETE HALL, OGOJA ROAD BY VEGAS, JUNCTION",Ebonyi,Nigeria,Africa
679,EZZANGBO AMIKE,"AMIKE YOUTH HALL, #135 ENUGU EXPRESS, WAY, EZZAMGBO",Ebonyi,Nigeria,Africa
680,EZZANGBO ONUORIE PDP,"ONUORIE EZZAMGBO, BESIDE PDP, SECRETARIAT",Ebonyi,Nigeria,Africa
681,NGBO,"NGBO NDULO, UMUEZEAKA, ACQUISITION CENTER, HALL, EBONYI STATE",Ebonyi,Nigeria,Africa
682,ISHIEKE,,Ebonyi,Nigeria,Africa
683,AFIKPO DISTRICT,AFIKPO DISTRICT,Ebonyi,Nigeria,Africa
684,"AZONKU, AFIKPO HQ",,Ebonyi,Nigeria,Africa
685,"AFIKPO, AMURU","AMURO TOWN HALL, AFIKPO NORTH, EBONYI STATE",Ebonyi,Nigeria,Africa
686,AMASIRI AFIKPO,"OKIGWE ROAD, BESIDE FORMER SARS OFFICE, AMASIRI, AFIKPO, NORTH, EBONYI STATE",Ebonyi,Nigeria,Africa
687,UNWANA AFIKPO,"GOD’S OWN LODGE, JUNCTION, AFTER D12, BEFORE FISH POND, ALONG POLY, EBUNWANA ROAD, UNWANA",Ebonyi,Nigeria,Africa
688,AKABA,"ONU-EBONYI, OBODOMA UKABA, ONICHA LGA, EBONYI, STATE",Ebonyi,Nigeria,Africa
689,"ALOHAN, DUMEZ, HQ","PST. CHARLES ALIKOR 08037353725, PST EROMOSEI, FRANK 07034664852, PST JEFFREY, OLOWOOKERE, 08062400435, #19 ALOHAN STR, OFF, DUMEZ, OFF SAPELE, RD, BENIN CITY",Edo,Nigeria,Africa
690,"AMUFI, TEXTILE MILL","PST SAMUEL IDOBUWA 07065262779, PST THOMAS, 07065919249, #30 TEXTILE MILL RD, BY, 2ND WEST RD JUNCTION, BENIN CITY",Edo,Nigeria,Africa
691,"GUBADIA, GRA","HENRY IGWE, 08034139294, PST ANAYO NDIEZE, 08033787648, PST AUSTINE, 090156078207, #10 GUBADIA AVENUE, ETET, GRA, BENIN",Edo,Nigeria,Africa
692,EKPOMA 1,"PST OVU STANLEY, 08136032473, BRO HENRY MARK, 08145204187, BRO OBOGAI AUGUSTINE 08107243975, NEAR COLLEGE OF, MEDICINE, AAAU",Edo,Nigeria,Africa
693,EKPOMA 2,"PST CHRISTOPHER MARVY 07016230843, BRO ILEGOGIE TIMOTHY 09150333782, #37 ILEN-OTUMA STR, OPP FIRST BANK",Edo,Nigeria,Africa
694,M.M WAY,"PST GODWIN JUMBO 08033397387, PST OSADALOR, 08035999198, PST FEGOR OMUTA, 09055333181, #195 MURTALA, MOHAMMED WAY, OPP OHUOBA PRIMARY, SCH, BENIN CITY",Edo,Nigeria,Africa
695,ZABAYO EKENWA,"PST AGHENDO, 08039684099., BRO OBUSU MICHAEL 08057934201, #157 EKENWAN RD, BENIN CITY",Edo,Nigeria,Africa
696,AUCHI,"DAVID NNAMDI, JUSTICE, 07047268873, PST VICTOR OSASOGIE 09132403634, BRO DAVID UGBEDE, 09033438786, AUCHI/ABUJA, EXPRESSWAY, OPP, MATRIX PETROL STATION",Edo,Nigeria,Africa
697,ROBANOR,"PST MICHAEL DAVID, 08131915278, PST MESHACK OCHIKO, RABANOR HOTEL BY, TONY KABAKA STR, UGBOR RD",Edo,Nigeria,Africa
698,UGBOWO,"PST SAVIOUR, GBARAGBULE REX, 09151944041, #11B TECHNICAL RD, UGBOWO",Edo,Nigeria,Africa
699,PRESTIGE,"NEW, #1 IHAMA RD, BY, AIRPORT RD, GRA BENIN CITY",Edo,Nigeria,Africa
700,"SHELTER VIEW, ADO EKITI","SHELTER VIEW COMPLEX OPP CHICKEN REPUBLIC, ADEBAYO, ADO EKITI",Ekiti,Nigeria,Africa
701,DALLIMORE,BEHIND STADIUM ROAD,Ekiti,Nigeria,Africa
702,IWOROKO,"BESIDE BASIC HEALTH, CENTER AARE ROAD, IWOROKO EKITI STATE",Ekiti,Nigeria,Africa
703,EKUTE,"OPP THERMOCOL, WAREHOUSE, ADO-EKITI.",Ekiti,Nigeria,Africa
704,HOUSING ESTATE,"DON CLEMENT EVENT, HALL, TINUOLA ESTATE, HOUSING ROAD",Ekiti,Nigeria,Africa
705,IKERE,"NYSC ORIENTATION, CAMP ROAD, IKERE",Ekiti,Nigeria,Africa
706,"OPP ABC TRANSPORT, HQ","#19 OGUDI RD, ENUGU STATE",Enugu,Nigeria,Africa
707,NEW HEAVEN,"#95 CHIME AVENUE, OPP ASSEMBLIES, BUSTOP, NEW HAVEN",Enugu,Nigeria,Africa
708,EMENE,"#2 CHUKWUEJIM STREET BY NIGER LINE HOTEL, OFF APOSTLE BUSTOP, EMENE",Enugu,Nigeria,Africa
709,GARIKI,"#366 AGBANI RD, EBONY PAINT JUNC BY RTC OPP, 103 BATTALION, BARRACKS, GARIKI",Enugu,Nigeria,Africa
710,NINTH MILE,"#96 OLD NSUKKA RD, 9THMILE CORNER NGWO AT LAPO BUILDING",Enugu,Nigeria,Africa
711,NIKE BRANCH,"JAZZ DAN PLAZA BY, TEXACO JUNCTION, ABAKPA NIKE RD, ABAKPA",Enugu,Nigeria,Africa
712,ABAKPA,"NWAYIBUILHE PLAZA BY TEXACO JUNC, ABAKPA NIKE RD, ABAKPA",Enugu,Nigeria,Africa
713,NSUKKA,"#30 OLOTO STR, ERINAH GUEST HOUSE, ODINIGBO, NSUKKA",Enugu,Nigeria,Africa
714,NOWAS,"#107 AMURI RD, FED HOUSING, TRANSEKULU BY, NOWAS JUNC",Enugu,Nigeria,Africa
715,EKE-AGANI BRANCH,"OPP ST JOHNS PRIMARY SCH, AMURI RD",Enugu,Nigeria,Africa
716,AGBANI ROAD,"#102 AGBANI RD, OPP 1STBANK AMAWBIA BUSTOP",Enugu,Nigeria,Africa
717,"OJI RIVER, AMUZU","AMUZU HALL, AMUZU, AGBADALA, OJI RIVER",Enugu,Nigeria,Africa
718,LUCKZON PLAZA,"SUITE A-47, MARYLAND PLAZA, #189 UGWUAJI, RD, MARYLAND OPP, AGIDI HOUSE.",Enugu,Nigeria,Africa
719,CHYMEZ PLAZA,"PLOT 33 CHIEF IYKE, OGBODO STREET, OGBUODOR LAYOUT, UGWUAJI RD",Enugu,Nigeria,Africa
720,GRA1 BRANCH,"VICTORIA GARDEN SUITE, #1 MOUNT LANE STR, GRA.",Enugu,Nigeria,Africa
721,NGWO,AMACHALLA TOWN HALL NGWO,Enugu,Nigeria,Africa
722,AMAECHI,"2774 ONWA PLAZA, AMAECHI RD, UWANI",Enugu,Nigeria,Africa
723,NEW HEAVEN EXTENSION,"NKPOLUOGU CIVIC, CENTER, ABAKALIKI, EXPRESS WAY",Enugu,Nigeria,Africa
724,JABI (HQTRS),"ONEAL CENTER, PLOT 360 OBAFEMI AWOLOWO WAY, JABI",Federal Capital Territory,Nigeria,Africa
725,MAITAMA,"#64 LASALE STR, OFF SHEHU SHAGARI, WAY, BESIDE CBN, TRAINING INSTITUTE, MAITAMA",Federal Capital Territory,Nigeria,Africa
726,KUBWA,"GODS OWN PLAZA, BY BYAZHIN, JUNCTION, KUBWA",Federal Capital Territory,Nigeria,Africa
727,"EXCELLENT PLAZA, GWARINPA","EXCELLENT PLAZA, 1ST AVENUE, GWARINPA",Federal Capital Territory,Nigeria,Africa
728,BWARI,"PLOT 30 BWARI, EXTENSION, ADJACENT NIMA, SCH, OFF SABON, GARI RD, BEFORE, POLICE POST",Federal Capital Territory,Nigeria,Africa
729,"APEX PLAZA, W.H.O, DEIDEI","APEX PLAZA 220, W.H.O DISTRICT, BEHIND ZENITH, BANK DEIDEI, BUILDING MATERIAL",Federal Capital Territory,Nigeria,Africa
730,"PRECIOUS PLAZA, DUTSE","PRECIOUS SHOPPING MALL, PLOT M10, KUBWA EXT-3, (FCDA SCHEME LAYOUT), ARMY ESTATE",Federal Capital Territory,Nigeria,Africa
731,"TIPER GARAGE, KUJE","PLOT 12/B STREET, L EKPENDU LOWCOST, BEHIND TOTAL, FILLING STATION, TIPPER GARAGE KUJE",Federal Capital Territory,Nigeria,Africa
732,"WADA PLAZA, JIKWOYI","WADA PLAZA, BESIDES NEPA, OFFICE, JIKWOYI, ANGWANGEDE, ALONG NYANYA, KARSHU EXPRESS, WAY",Federal Capital Territory,Nigeria,Africa
733,"DEO PLAZA, GWAGWALADA-1","DEO PLAZA, OPP, GWAGWALADA, MAIN MKT",Federal Capital Territory,Nigeria,Africa
734,LUGBE,"PLOT 983, 3RD, AVENUE FHA BY, BABANGIDA MKT, LUGBE FCT-ABUJA",Federal Capital Territory,Nigeria,Africa
735,INFINIMART PLAZA,"INFINIMART PLAZA, 2-1 JUNCTION, KUBWA",Federal Capital Territory,Nigeria,Africa
736,OROZO,"GOLDEN APPLE, PLAZA, GIDAN DAYA, BY NEPA OFFICE, KARSHI EXPRESS, WAY",Federal Capital Territory,Nigeria,Africa
737,"BWARI-2, JEREMIAH KAKANCHOK CENTER, KOGO3","JEREMIAH, KAKANCHOK, CENTER, KOGO3",Federal Capital Territory,Nigeria,Africa
738,"USHAFA, BWARI","GODS GIFT, ACADEMY USHAFA",Federal Capital Territory,Nigeria,Africa
739,TUNGA _MAJE,"KM3 LOKOJA, KADUNA EXP WAY, BESIDE OANDO FUEL STATION",Federal Capital Territory,Nigeria,Africa
740,"AREA A – NYANYA, APPLE COURT","APPLE COURT, NYANYA, FCT",Federal Capital Territory,Nigeria,Africa
741,APO SETTLEMENT,"WEMBLEY PART AND GARDEN APO, RESETTLEMENT",Federal Capital Territory,Nigeria,Africa
742,"DUTSE, HQ","DUTSE, HQ, , OPPOSITE AWAJIL, FUEL STATION., BESIDES BHT INTER, SYSTEM LTD, YALAWAWA DUTSE, JIGAWA STATE, OPPOSITE AWAJIL, FUEL STATION., BESIDES BHT INTER, SYSTEM LTD, YALAWAWA DUTSE, JIGAWA STATE",Jigawa,Nigeria,Africa
743,HADEJIA,"HADEJIA, , IFEANYI EVENT CENTER, KANO ROAD HADEJI, IFEANYI EVENT CENTER, KANO ROAD HADEJI",Jigawa,Nigeria,Africa
744,BININ KEBBI,"BININ KEBBI, , FILIN, JIRGI, ZURU, KEBBI, FILIN, JIRGI, ZURU, KEBBI",Kebbi,Nigeria,Africa
745,OWERRI MAIN HQ,"OWERRI MAIN HQ, OWERRI/ONITSHA, ROAD, IRETE, OWERRI, IMO STATE",Imo,Nigeria,Africa
746,AMAUZARI,"AMAUZARI. ONE, AMAUZARI TOWN, ALONG OKWELLE HALL",Imo,Nigeria,Africa
747,AMARAKU,"LAWRENCE IWU AMADI PLAZA, CLOSE TO, AMARAKU JUNCTION",Imo,Nigeria,Africa
748,AGGAH-EGBEMA,"AWOMMAMA, BEFORE, TRANSFORMER, AWOM MAMA",Imo,Nigeria,Africa
749,DOUGLAS RD,"AGGAH, NEW IDEA ROAD AGGAH EGBEMA RIVERS STATE",Rivers,Nigeria,Africa
750,MMAHU-EGBEMA,"DOUGLAS RD, 127 DOUGLAS ROAD, OPP NEW, MARKET, BESIDE SUNIC FAST FOOD, OWERRI, IMO",Imo,Nigeria,Africa
751,EGBU ROAD,EGBEMA,Imo,Nigeria,Africa
752,MBAISE ONE,"EGBU ROAD, 49 EGBU ROAD, CLOSE, TO MBAISE PARK",Imo,Nigeria,Africa
753,MBAISE FOUR,"MBAISE ONE, EKE AHIARA JUNCTION, CLOSE TO ACCESS BANK",Imo,Nigeria,Africa
754,MGBIDI,"MGBIDI, 98A OWERRI-ONITSHA ROAD MGBIDI OPP., PALO PLACE",Imo,Nigeria,Africa
755,ORJI 2,"ORJI 2, ORJI YOUTH HALL, ORJI OWERRI IMO STATE",Imo,Nigeria,Africa
756,IMO POLY,"IMO POLY, BESIDE POLYVIEW, HOTEL, ALONG PORT, HARCOURT ROAD, MGBIRICHI –",Rivers,Nigeria,Africa
757,IKENEGBU,"IKENEGBU, PLOT 21 IKENEBU, LAYOUT OPPOSITE, MARIS SUPERMARKET, OWERRI, IMO STATE",Imo,Nigeria,Africa
758,IHIAGWA,"IHIAGWA, ALONG UMUOKWO -, COURT RD. IHIAGWA",Imo,Nigeria,Africa
759,NEKEDE ONE,"NEKEDE ONE, 8 BUS-STOP, OPPOSITE WATCHMAN, OLD, NEKEDE ROAD, OWERRI IMO STATE",Imo,Nigeria,Africa
760,NEKEDE TWO,"NEKEDE TWO, OPPOSITE UMUDIBIA, PRIMARY SCHOOL, NEKEDE, IHIAGWA ROAD",Imo,Nigeria,Africa
761,NEKEDE THREE,"NEKEDE THREE, OLD TATA-FISH, OPPOSITE GALAXY, HOSTEL, ALONG POLY, IHIAGWA ROAD, UMUOMA, NEKEDE",Imo,Nigeria,Africa
762,GLASS HOUSE - ORLU,"ORLU, 23 ENUGU/ IDEATO, ROAD BY BEACH, BSC, ROAD ORLU TOWN, GLASS HOUSE, IMO, STATE",Imo,Nigeria,Africa
763,OKIGWE1,"OKIGWE., 55 OWERRI ROAD, OPP. ABAKPA MARKET, OKIGWE. IMO STATE",Imo,Nigeria,Africa
764,OKWUZI-EGBEMA,"OKWUZI, 59 AHOADA – OMOKU, ROAD, OKWUZI",Imo,Nigeria,Africa
765,OKWU-URATTA,"OKWU-URATTA, OKWU-URATTA, PRIMARY SCHOOL HALL",Imo,Nigeria,Africa
766,ORJI,"ORJI, NO. 157 OKIGWE, ROAD, OPPOSITE ACCESS BANK, ORJI",Imo,Nigeria,Africa
767,OGUTA1,"OGUTA, CIVIC CENTER, OGUTA",Imo,Nigeria,Africa
768,URATTA,"URATTA, OPPOSITE NNPC FILLING STATION BY TORONTO JUNCTION, URATTA, OWERRI.",Imo,Nigeria,Africa
769,WORKS LAYOUT,"WORKS LAYOUT, C17 WORKS LAYOUT, OFF IMSU JUNCTION, OWERRI",Imo,Nigeria,Africa
770,WORLD BANK,"WORLD BANK, CHIEF OHAMADIKE, PLAZA, AREA “A” BY, BLACK GATE, WORLD, BANK.",Imo,Nigeria,Africa
771,EZIOBODO FUTO,"EZIOBODO FUTO, JUNCTION, ALONG FUTO ROAD, EZIOBODO",Imo,Nigeria,Africa
772,NAZE,"NAZE, NAZE TIMBER ROAD, BY BORO PIT, OBOSHISHI",Imo,Nigeria,Africa
773,AMAKOHIA,"AMAKOHIA, FEDERAL HOUSING, ESTATE BY NEW ROAD. AMAKOHIA",Imo,Nigeria,Africa
774,AVU,"AVU, OLIVER CASTLE, UMUEHITTA AVU",Imo,Nigeria,Africa
775,OBIAKPU,"OBIAKPU TOWN HALL, OBIAKPU EGBEMA",Imo,Nigeria,Africa
776,OBOWO,"ACHINGALI JUNCTION, OPPOSITE MOONSHINE BUILDING",Imo,Nigeria,Africa
777,OBINZE,"GONE-LEE’S HOTEL, KM 10 FUTO ROAD, OBINZE",Imo,Nigeria,Africa
778,UMUGUMA,"#3 GREGG AVENUE, BEFORE OWERRI WEST LGA COMPLEX, UMUGUMA",Imo,Nigeria,Africa
779,ESHIMESHI- URATTA,"ESHIMESHI- URATTA, UMUNAHU ESHIMESHI, OWERRI NORTH",Imo,Nigeria,Africa
780,OGUTA 2,"OGUTA2, OGUTA-MGBIDI ROAD, BESIDE OGUTA LGA, SECRETARIAT.",Imo,Nigeria,Africa
781,AKABO,"AKABO, KM 7 OWERRI OKIGWE ROAD, UGWU OBIUDO, AKABO IKEDURU L.G.A IMO STATE. OPPOSITE, NWAOZUZU FILLING, STATION.",Imo,Nigeria,Africa
782,MBIERI,"CHIGAEMEZU PLAZA, OPPOSITE NWEKE MKT JUNCTION MBIERI",Imo,Nigeria,Africa
783,MBAISE-3,"#1 OBETITI ROAD, NKWOGWU JUNCTION ABOH MBAISE",Imo,Nigeria,Africa
784,AMAUZARI-3,,Imo,Nigeria,Africa
785,UMUAKAH,"UMUAKA BESIDES ORIE-UGBELE, UGBELE-AKAH",Imo,Nigeria,Africa
786,IZOMBE,,Imo,Nigeria,Africa
787,AKOKAH,"2FLOOR NEW POST, OFFICE BUILDING IDEATO NORTH",Imo,Nigeria,Africa
788,OGBAKU,,Imo,Nigeria,Africa
789,UMUELEM,"QUEEN OF PEACE, JUNCTION CHIEF, CHRISTOPHER JENTA, ANUFUORO, COMPOUND, UMUELEM",Imo,Nigeria,Africa
790,ETEKWURU,"MR UZOMA OKORO, COMPOUND ETEKWURU EGBEMA, OHAJI, EGBEMA, IMO STATE",Imo,Nigeria,Africa
791,MGBEDA,"#4 ECHEAZU STREET, MGBEDE, EGBEMA",Imo,Nigeria,Africa
792,OMUOZU,,Imo,Nigeria,Africa
793,NNEBUKWU,,Imo,Nigeria,Africa
794,ILILIE,,Imo,Nigeria,Africa
795,UMUAGAM,,Imo,Nigeria,Africa
796,AMUAZARI 2,,Imo,Nigeria,Africa
797,OROGWE,,Imo,Nigeria,Africa
798,"SABON TASHA, HQ","BEHIND, GENERAL, HOSPITAL, SABON, TASHA",Kaduna,Nigeria,Africa
799,"DESTINY PLAZA, JARUWA","BY JANRUWA, JUNCTION, ALONG PATRICK YAKOWA WAY",Kaduna,Nigeria,Africa
800,"CHILLOUT, GONINGORA","OPP RAIL, GONIN-GORA",Kaduna,Nigeria,Africa
801,CHIDA,"SIGN POST, JUNCTIO, OPPOSITE, STANBIC BANK, SABON TASHA",Kaduna,Nigeria,Africa
802,BARNAWA,"OPPOSITE GT, BANK, ALONG, 1&2 ZAIRE, ROAD, BARNAWA",Kaduna,Nigeria,Africa
803,GBAGYI,"ALONG, YOKOWA, STR, RD2, HOPE AVENUE, GBAGYI VILLAGE",Kaduna,Nigeria,Africa
804,JAJI,"HOLIDAY INN, STREET, UNGWAN-PETE, OPP JAJI, CANTONMENT, IGABI",Kaduna,Nigeria,Africa
805,EMIR (HQTRS),"#74 EMIR ROAD BY IBO ROAD, SABON GARI, KANO STATE, #74 EMIR ROAD BY IBO ROAD, SABON GARI, KANO STATE",Kano,Nigeria,Africa
806,BURMA,"BURMA, ROSELLE, ACADEMY, BURMA SABON GARI, KANO, BURMA, ROSELLE, ACADEMY, BURMA SABON GARI, KANO",Kano,Nigeria,Africa
807,AGANGARA BADAWA,"BADAWA, AGANGARA, NASARAWA, LGA, KANO, BADAWA, AGANGARA, NASARAWA, LGA, KANO",Kano,Nigeria,Africa
808,ENUGU RD,"BY GOLD COAST SABON GARI, KANO STATE, BY GOLD COAST SABON GARI, KANO STATE",Kano,Nigeria,Africa
809,ENSIK GLOBAL,"66/67 ENSIK, GLOBAL EVENT CENTER, BY, AIRPORT ROAD AMADI-A, 66/67 ENSIK, GLOBAL EVENT CENTER, BY, AIRPORT ROAD AMADI-A",Kano,Nigeria,Africa
810,DESTINY GARDEN,"DESTINY GARDEN, , , SALVATION, MINISTRIES, DESTINY, GARDEN, PLAZA, BESIDES FIRST BANK GANAJA",Kogi,Nigeria,Africa
811,DOMINION PLAZA,SALVATION MINISTRIES  DOMINION  PLAZA 500  HOUSING  UNITS  LOKOJA.,Kogi,Nigeria,Africa
812,AYNIEGBA,SALVATION MINISTRIES  SOLAG FUEL  STATION. KM  1 ANKPA WAY  OPP KOGI  STATE  UNIVERSITY.  AYNIEGBA,Kogi,Nigeria,Africa
813,FELELE,"ABUJA LOKOJA  EXPRESS WAY,  HAMONY  COMMUNITY  BY WINNERS  JUNCTION,  FELELE TOWN, LOKOJA, KOGI  STATE",Kogi,Nigeria,Africa
814,LAGOS (LEKKI),"LAGOS (LEKKI), , , , KM 20 LEKKI, EPE EXPRESSS ROAD., KM 20 LEKKI, EPE EXPRESSS ROAD.",Lagos,Nigeria,Africa
815,DOPEMU,"DOPEMU, , , , 57 Abeokuta Expressway beside Conoil Filling Station, Cement bus stop Dopemu, 57 Abeokuta Expressway beside Conoil Filling Station, Cement bus stop Dopemu",Lagos,Nigeria,Africa
816,IKEJA,"#12 kudirat abiola way oregun, Ikeja lagos, #12 kudirat abiola way oregun, Ikeja lagos",Lagos,Nigeria,Africa
817,MAGODO,"#2, Association Avenue shangisha Magodo Lagos State., #2, Association Avenue shangisha Magodo Lagos State",Lagos,Nigeria,Africa
818,IKORODU,"#62 Ayangburen Road, By Bukka Hut Restaurant, Olubi Junction, Ikorodu, Lagos state, #62 Ayangburen Road, By Bukka Hut Restaurant, Olubi Junction, Ikorodu, Lagos state",Lagos,Nigeria,Africa
819,OKOTA,"#110 Ago Palace way., Marcity Plaza. Adjacent Market Square, Okota., #110 Ago Palace way., Marcity Plaza. Adjacent Market Square, Okota.",Lagos,Nigeria,Africa
820,SURULERE,"AFRIC PLACE, NO. 7, AFRIC ROAD, IPONRI, EBUTE-METTA, OFF FUN SO WILLIAMS AVENUE, LAGOS.",Lagos,Nigeria,Africa
821,ARADAGUN,"No 1 oladiran close, Multiple Height school Beside Aradagun market, Aradagun Badagry.",Lagos,Nigeria,Africa
822,MAGBON,"SKY TRAINE CENTER, ALONG, BADAGRY EXPRESSWAY, MAGBON B/STOP",Lagos,Nigeria,Africa
823,AJAH,"MTD Event Centre, opposite, Badore health centre, Badore, Ajah",Lagos,Nigeria,Africa
824,ABIJO,"TREASURE MALL, OPPOSITE EKO AKETE ESTATE, ABIJO",Lagos,Nigeria,Africa
825,BADAGRY,"MTN BADAGRY, KL 43 BADAGRY EXPRESSWAY, AGBOMALU BUSTOP BADAGRY LAGOS:, OGBOUMAH",Lagos,Nigeria,Africa
826,IYANA,"Km23, Badagery express Way, Opposite Total Filling Station, Pako Bus Stop Iyana Isashi",Lagos,Nigeria,Africa
827,IKOTUN,"#145 Abaranje Rd., Abaranje-, Ikotun.",Lagos,Nigeria,Africa
828,EGBEDA,"No 64 Idemu Rd orelope, BRT bus stop, EGBEDA LAGOS",Lagos,Nigeria,Africa
829,OJOTA,"#76 ALHAJI AMOO STREET, ALHAJA AMOO BUS-STOP, OJOTA OGUDU ROAD, OJOTA LAGOS",Lagos,Nigeria,Africa
830,OSHODI,"#33 Adeyemi street, Arowojobe Bus Stop, Oshodi, Lagos.",Lagos,Nigeria,Africa
831,IPAJA,"#8, OLUFEMI CLOSE OFF FAGBEMI STREET, IGBOGILA BUS STOP, IPAJA - AYOBO ROAD, IPAJA, LAGOS STATE.",Lagos,Nigeria,Africa
832,AGEGE,"Smhos Agege, no' 2 Oke-ayo, Street by Agbotikuyo bus-stop off Old Ipaja Road Agege Lagos",Lagos,Nigeria,Africa
833,FESTAC,5th Avenue W Close Opp Frankidz Amusement Park Festac Lagos,Lagos,Nigeria,Africa
834,AJEGUNLE,"NUT MULTI-PURPOSE HALL. 72a Cardoso Street, OREGIE Oja B/stop AJEGUNLE",Lagos,Nigeria,Africa
835,MOBIL,"GLORY TO GOD PLAZA, LEKKI, AJAH.",Lagos,Nigeria,Africa
836,IKOYI,"2/7 OKUNLA MARTINS CLOSE, OFF OKOTIE EBOH STREET, OFF, AWOLOWO RD, IKOYI",Lagos,Nigeria,Africa
837,ISHERI,"36/38 Liadi Disu Street, Isheri Oshun Bus Stop, Isheri, Lagos",Lagos,Nigeria,Africa
838,AJAO,"Tetrazzini Fast Food Restaurant (By 7/8 Bus stop), Ajao Estate Isolo, Lagos.",Lagos,Nigeria,Africa
839,IJESHA,"#250 IJESHA RD, OPP IJESHA MKT, IJESHATEDO",Lagos,Nigeria,Africa
840,IGANDO,"15 OREMEJI STREET OKO FILLING BUS STOP LASU-ISHERI ROAD, IGANDO LAGOS",Lagos,Nigeria,Africa
841,IBEJU LEKKI,"Beside magbon grammar school, magbon Alade community, Ibeju Lekki, Lagos State",Lagos,Nigeria,Africa
842,IGBOGBO,"#10 CHAIRMAN STREET, BY, CHAIRMAN B/STOP, IGBOGBO BAYEKU ROAD, IKORODU",Lagos,Nigeria,Africa
843,AWOYAYA,"PLOT 605, IWEREKU GBETU, TOWN, AFTER ROYAL LONDON HOTEL, BEFORE SARAFINA INT’L SCHOOL",Lagos,Nigeria,Africa
844,IJEGUN,"#19 OBASA ADELANI STREET, PRINCE B/STOP, IJEGUN IKOTUN",Lagos,Nigeria,Africa
845,"AGBEBI, SURULERE-2","AGBEBI ROAD OFF IJESHA BY, OMILANI JUNCTION OPP, ULTIMATE FILLING STATION, IJESHA SURULERE",Lagos,Nigeria,Africa
846,LAFIA,"Freshvylle Hotel and Event, Centre. Agabi Str.beside cbn, off jos Road, Lafia, Nasarawa state.",Nasarawa,Nigeria,Africa
847,"EMMADO, MARARABA","1st floor, emmado plaza by sharp corner, ABUJA-KEFFI EXPRESS ROAD NASSARAWA STATE.",Nasarawa,Nigeria,Africa
848,MASAKA,"Beticut event center masaka, Nepa office along keffi express road nassarawa state",Nasarawa,Nigeria,Africa
849,KEFFI,"IDEMILI HALL OPPOSITE MTN MASK BY NASARAWA RD, KEFFI",Nasarawa,Nigeria,Africa
850,CITY COLLEGE,"BY NURSES ESTATE, COMMISSIONER HOUSE, ADY SUITE",Nasarawa,Nigeria,Africa
851,KABAYI,KABAYI BY LIFE CHOICE PURE WATER BEFORE DUNAMIS,Nasarawa,Nigeria,Africa
852,AKWANGA,"ALARAPE PLAZA, AKWANGA, BESIDE ST. PETERS NURSERY AND PRIMARY SCHOOL, KEFFI BY-PASS",Nasarawa,Nigeria,Africa
853,ASO-B GURKU,"CELEBRITY TOURIST HOTEL, ASO B GURKU, KURU",Nasarawa,Nigeria,Africa
854,LEME ROAD,"Olufunke Complex, Under the, bridge, Leme road, Abeokuta, Ogun State",Ogun,Nigeria,Africa
855,SAGAMU OLATUNJI- 1,"OPPOSITE TOTAL, FILLING STATION, BESIDE ABEOKUTA GARAGE, EXPRESS, JUNCTION, EWO, OLIWO, SAGAMU, OGUN STATE, OPPOSITE TOTAL, FILLING STATION, BESIDE ABEOKUTA GARAGE, EXPRESS, JUNCTION, EWO, OLIWO, SAGA",Ogun,Nigeria,Africa
856,IJEBU ODE 1,"29 Ayegbami, Street, behind New Market, Ijebu Ode, Ogun State, 29 Ayegbami, Street, behind New Market, Ijebu Ode, Ogun State",Ogun,Nigeria,Africa
857,IFO,"JIBSOD HALL, OPPOSITE VESPA, BUS-STOP, LAGOS/ABEOKUTA ROAD, IFO OGUN, STATE., JIBSOD HALL, OPPOSITE VESPA, BUS-STOP, LAGOS/ABEOKUTA ROAD, IFO OGUN, STATE.",Ogun,Nigeria,Africa
858,MOWE,"189 Mowe Ofada, road Mowe, Ogun, state., 189 Mowe Ofada, road Mowe, Ogun, state.",Ogun,Nigeria,Africa
859,"KUFORIJI ADIGBE GRA, HQ","7. 32, KUFORIJI, OLUBI DRIVE ADIGBE GRA ABEOKUTA, OGUN STATE, 7. 32, KUFORIJI, OLUBI DRIVE ADIGBE GRA ABEOKUTA, OGUN STATE",Ogun,Nigeria,Africa
860,"AKURE, HQ","ALAFUATAYO, STREET, OPPOSITE ILORO BASIC HEALTH, CENTER, BY, ILORO MARKET, AKURE, ALAFUATAYO, STREET, OPPOSITE ILORO BASIC HEALTH, CENTER, BY, ILORO MARKET, AKURE",Ondo,Nigeria,Africa
861,ONDO CITY,"#214 BRIG, ADEMULEGUN, RD, NDUBUISI, HOSPITAL, KOLA REWIRER, #214 BRIG, ADEMULEGUN, RD, NDUBUISI, HOSPITAL, KOLA REWIRER",Ondo,Nigeria,Africa
862,OWO,"#14 OWOYEMI, ST, IYERE RD BY DOMINION, JUNCTION, #14 OWOYEMI, ST, IYERE RD BY DOMINION, JUNCTION",Ondo,Nigeria,Africa
863,"OKE-FIA, HQ","No.12 Iwo Road, Oke-Fia, Osogb, No.12 Iwo Road, Oke-Fia, Osogb",Osun,Nigeria,Africa
864,OKINNI,"Ilobu Road Beside Evergreen Grand Hotel, Okinni, Ilobu Road Beside Evergreen Grand Hotel, Okinni",Osun,Nigeria,Africa
865,MAYFAIR,"No.43 Ibadan, Road, Ile-Ife., No.43 Ibadan, Road, Ile-Ife.",Osun,Nigeria,Africa
866,OKE OMIRU-ILLESHA,"No. 819 Oke, Omiru, Opp., Crunches, Ilesha., No. 819 Oke, Omiru, Opp., Crunches, Ilesha.",Osun,Nigeria,Africa
867,IGBOYA,"9 Igboya Street off Road 7, Ile-Ife, 9 Igboya Street off Road 7, Ile-Ife",Osun,Nigeria,Africa
868,APATA,"APATA, APATA, , Agbe Bus Stop, Opposite K3 plaza, Along Kuola-Akala Express Road, Apata Ibadan, Agbe Bus Stop, Opposite K3 plaza, Along Kuola-Akala Express Road, Apata Ibadan",Oyo,Nigeria,Africa
869,ELEYEYE,"Richbam Building, Behind Sandlake Pharmacy, Off Gbaremu Mkt, Sango-Eleyele, Ibadan, Richbam Building, Behind Sandlake Pharmacy, Off Gbaremu Mkt, Sango-Eleyele, Ibadan",Oyo,Nigeria,Africa
870,SAMONDA,"SAMONDA, SAMONDA, , HEXAGON BUILDING BESIDE PEACE MASS TRANSIT, OPP MOBIL FILLING STATION, SAMONDA, IBADAN, HEXAGON BUILDING BESIDE PEACE MASS TRANSIT, OPP MOBIL FILLING STATION, SAMONDA, IBADAN",Oyo,Nigeria,Africa
871,AKOBO,"MONARCH COMPLEX, POPO B/STOP AFTER AKALA JUNCTION, AKOBO, IBADAN, MONARCH COMPLEX, POPO B/STOP AFTER AKALA JUNCTION, AKOBO, IBADAN",Oyo,Nigeria,Africa
872,MOKOULA,"#5 OMITOWOJU ADJACENT, ADAMASINGBA STADIUM, #5 OMITOWOJU ADJACENT, ADAMASINGBA STADIUM",Oyo,Nigeria,Africa
873,D ROVERS,"#114 MKO ABIOLA WAY, BESIDE FORMER D’ROVER HOTEL OPP, IYAGANKU QUARTERS, GRA, RING ROAD, IBADAN, #114 MKO ABIOLA WAY, BESIDE FORMER D’ROVER HOTEL OPP, IYAGANKU QUARTERS, GRA, RIN",Oyo,Nigeria,Africa
874,OYO TOWN,"ADJACENT ACE SUPERMARKET, BESIDE NIPCO FILLING STATION, OYO TOWN, ADJACENT ACE SUPERMARKET, BESIDE NIPCO FILLING STATION, OYO TOWN",Oyo,Nigeria,Africa
875,CHALLENGE,"EVER LEAD COMPLEX ROAD, OPPOSITE GLO OFFICE, CHALLENGE, IBADAN, EVER LEAD COMPLEX ROAD, OPPOSITE GLO OFFICE, CHALLENGE, IBADAN",Oyo,Nigeria,Africa
876,OGBOMOSHO,"#10 KARA STREET, TOWN PLANNING SABO, OGBOMOSHO, #10 KARA STREET, TOWN PLANNING SABO, OGBOMOSHO",Oyo,Nigeria,Africa
877,RAYFIELD SMHOS,"MARTIN LUTHER AGWE STREET, RAYFIELD, JOS",Plateau,Nigeria,Africa
878,"OLD AIRPORT ROAD, (ANGLO)","#75 YAKUBU GOWONWAY OPPOSITE COCA COLA PLANT, ANGLO, JOS",Plateau,Nigeria,Africa
879,"YAKUBU GOWON, (HWOLSHE)","#3 UTONKON ROAD, ADJACENT NATIONAL LIBRARY, JOS",Plateau,Nigeria,Africa
880,ANGWAN RING ROAD,"NANDOM MEMORIAL PLAZA, BETWEEN, JEVICHO FILLING, STATION AND TINA, JUNCTION, JARAWA, JOS",Plateau,Nigeria,Africa
881,ROCK HEAVEN,"BUPIA PLAZA, UTAN LANE",Plateau,Nigeria,Africa
882,"ZION ANGUWAN KASSA JALINGO, HQ","State Headquarters, Zion Hall, Agwan-Kassa, , Mile Six, Jalingo, Taraba State",Taraba,Nigeria,Africa
883,NUKKAI,"Nukkai Branch, Uche Obi Plaza, Beside Catholic Church, Nukkai, Jalingo Taraba State",Taraba,Nigeria,Africa
884,"KWARARAFA SHOPPING MALL, WUKARI","Wukari Branch, Kwararafa shopping, mall, wukari, Taraba State.",Taraba,Nigeria,Africa
885,MAGAMI,"HALL #14 CEE TO CEE PLAZA, HAMMARUWA WAY AFTER GT BANK, BEFORE NGUROJE HOUSE",Taraba,Nigeria,Africa
886,MILE 6,"MILE 6, BYPASS BESIDE UTOPIA, HOTEL, TH",Taraba,Nigeria,Africa
887,ISOKWA PLAZA,"OPPOSITE TARABA STATE 4GATE, ATC JALINGO",Taraba,Nigeria,Africa
888,DAMATURU,"MATTHEW GODIA LAFU, 08064429920, DUMBARI KAAKIRI 08138043012, #2 NEW, JERUSALEM, BEHIND SCHOOL OF NURSING OPPOSITE GENERAL HOSPITAL, DAMATURU, YOBE STATE",Yobe,Nigeria,Africa
889,ZAMFARA,"PST NSIKAK OTU 0806363996, GOD’S POWER, MICHAEL, 09164889668, HAYIN BUBA, OPPOSITE, HOUSGASAU, ZAMFARA STATE",Zamfara,Nigeria,Africa
890,SHONGO,SHONGO HANMA,Gombe,Nigeria,Africa
891,"YUGUDU, TUMFURE BEHIND","INVESTMENT  QUARTERS  ALONG LAMID  YUGUDU,  TUMFURE ",Gombe,Nigeria,Africa
892,"TANKE, ILORIN","CHURCH, TAIWO ISALE,  ILLORIN ",Kwara,Nigeria,Africa
893,"TAIWO ISALE,HQ, TIPPER GARAGE, F DIVISION","ROAD, TANKE, ILLORIN ",Kwara,Nigeria,Africa
894,BYAN KOFAR KAURAN BESIDES ZUMUTAL,"GUEST INN, BYAN ,  GABI KOFAR KAURAN,KATSINA",Katsina,Nigeria,Africa
895,DUTSIN-MA,MIAMI DUTSIN-MA ,Katsina,Nigeria,Africa
896,MADALLA BISIDES VICTORY ,"COLLEGE  JUNCTION,  MADALLA-SULEJA  ROAD, MADALLA,  NIGER STATE ",Niger,Nigeria,Africa
897,MINNA BACK OF TUNGA  ,"MAIN MARKET,  MINNA NIGER  STATE",Niger,Nigeria,Africa
898,SOKOTO BEHIND ACCEPTABLE,"EMPIRE, TAMAJE,  SOKOTO ",Sokoto,Nigeria,Africa